<customrecordtype scriptid="customrecord_ecm_price_book">
  <accesstype>USEPERMISSIONLIST</accesstype>
  <allowattachments>T</allowattachments>
  <allowinlinedeleting>F</allowinlinedeleting>
  <allowinlinedetaching>F</allowinlinedetaching>
  <allowinlineediting>F</allowinlineediting>
  <allowmobileaccess>T</allowmobileaccess>
  <allownumberingoverride>F</allownumberingoverride>
  <allowquickadd>F</allowquickadd>
  <allowquicksearch>F</allowquicksearch>
  <allowuiaccess>T</allowuiaccess>
  <customsegment></customsegment>
  <description></description>
  <enabledle>F</enabledle>
  <enablekeywords>T</enablekeywords>
  <enablemailmerge>F</enablemailmerge>
  <enablenametranslation>F</enablenametranslation>
  <enablenumbering>F</enablenumbering>
  <enableoptimisticlocking>T</enableoptimisticlocking>
  <enablesystemnotes>T</enablesystemnotes>
  <hierarchical>F</hierarchical>
  <icon></icon>
  <iconbuiltin>T</iconbuiltin>
  <iconindex></iconindex>
  <includeinsearchmenu>T</includeinsearchmenu>
  <includename>T</includename>
  <isinactive>F</isinactive>
  <isordered>F</isordered>
  <numberinginit></numberinginit>
  <numberingmindigits></numberingmindigits>
  <numberingprefix></numberingprefix>
  <numberingsuffix></numberingsuffix>
  <recordname>Price Book</recordname>
  <showcreationdate>T</showcreationdate>
  <showcreationdateonlist>F</showcreationdateonlist>
  <showid>T</showid>
  <showlastmodified>F</showlastmodified>
  <showlastmodifiedonlist>F</showlastmodifiedonlist>
  <shownotes>T</shownotes>
  <showowner>T</showowner>
  <showownerallowchange>F</showownerallowchange>
  <showowneronlist>F</showowneronlist>
  <customrecordcustomfields>
    <customrecordcustomfield scriptid="custrecord_epl_price_type">
      <accesslevel>2</accesslevel>
      <allowquickadd>F</allowquickadd>
      <applyformatting>F</applyformatting>
      <checkspelling>F</checkspelling>
      <defaultchecked>F</defaultchecked>
      <defaultselection></defaultselection>
      <defaultvalue></defaultvalue>
      <description></description>
      <displayheight></displayheight>
      <displaytype>NORMAL</displaytype>
      <displaywidth></displaywidth>
      <dynamicdefault></dynamicdefault>
      <encryptatrest>F</encryptatrest>
      <fieldtype>SELECT</fieldtype>
      <globalsearch>F</globalsearch>
      <help></help>
      <isformula>F</isformula>
      <ismandatory>F</ismandatory>
      <isparent>F</isparent>
      <label>价格类型</label>
      <linktext></linktext>
      <maxlength></maxlength>
      <maxvalue></maxvalue>
      <minvalue></minvalue>
      <onparentdelete>NO_ACTION</onparentdelete>
      <parentsubtab></parentsubtab>
      <rolerestrict>F</rolerestrict>
      <searchcomparefield></searchcomparefield>
      <searchdefault></searchdefault>
      <searchlevel>2</searchlevel>
      <selectrecordtype>[scriptid=customlist_ecm_pricetype]</selectrecordtype>
      <showinlist>T</showinlist>
      <sourcefilterby></sourcefilterby>
      <sourcefrom></sourcefrom>
      <sourcelist></sourcelist>
      <storevalue>T</storevalue>
      <subtab></subtab>
    </customrecordcustomfield>
    <customrecordcustomfield scriptid="custrecord_epl_sku">
      <accesslevel>2</accesslevel>
      <allowquickadd>F</allowquickadd>
      <applyformatting>F</applyformatting>
      <checkspelling>F</checkspelling>
      <defaultchecked>F</defaultchecked>
      <defaultselection></defaultselection>
      <defaultvalue></defaultvalue>
      <description></description>
      <displayheight></displayheight>
      <displaytype>NORMAL</displaytype>
      <displaywidth></displaywidth>
      <dynamicdefault></dynamicdefault>
      <encryptatrest>F</encryptatrest>
      <fieldtype>SELECT</fieldtype>
      <globalsearch>F</globalsearch>
      <help></help>
      <isformula>F</isformula>
      <ismandatory>F</ismandatory>
      <isparent>F</isparent>
      <label>SKU</label>
      <linktext></linktext>
      <maxlength></maxlength>
      <maxvalue></maxvalue>
      <minvalue></minvalue>
      <onparentdelete>SET_NULL</onparentdelete>
      <parentsubtab></parentsubtab>
      <rolerestrict>F</rolerestrict>
      <searchcomparefield></searchcomparefield>
      <searchdefault></searchdefault>
      <searchlevel>2</searchlevel>
      <selectrecordtype>-10</selectrecordtype>
      <showinlist>T</showinlist>
      <sourcefilterby></sourcefilterby>
      <sourcefrom></sourcefrom>
      <sourcelist></sourcelist>
      <storevalue>T</storevalue>
      <subtab></subtab>
      <customfieldfilters>
        <customfieldfilter>
          <fldcomparefield></fldcomparefield>
          <fldfilter>STDITEMITEMTYPE</fldfilter>
          <fldfilterchecked></fldfilterchecked>
          <fldfiltercomparetype>EQ</fldfiltercomparetype>
          <fldfilternotnull>F</fldfilternotnull>
          <fldfilternull>F</fldfilternull>
          <fldfiltersel>5|1|2</fldfiltersel>
          <fldfilterval></fldfilterval>
        </customfieldfilter>
      </customfieldfilters>
    </customrecordcustomfield>
    <customrecordcustomfield scriptid="custrecord_epl_from_qty">
      <accesslevel>2</accesslevel>
      <allowquickadd>F</allowquickadd>
      <applyformatting>T</applyformatting>
      <checkspelling>F</checkspelling>
      <defaultchecked>F</defaultchecked>
      <defaultselection></defaultselection>
      <defaultvalue></defaultvalue>
      <description></description>
      <displayheight></displayheight>
      <displaytype>NORMAL</displaytype>
      <displaywidth></displaywidth>
      <dynamicdefault></dynamicdefault>
      <encryptatrest>F</encryptatrest>
      <fieldtype>FLOAT</fieldtype>
      <globalsearch>F</globalsearch>
      <help></help>
      <isformula>F</isformula>
      <ismandatory>F</ismandatory>
      <isparent>F</isparent>
      <label>数量从</label>
      <linktext></linktext>
      <maxlength></maxlength>
      <maxvalue></maxvalue>
      <minvalue></minvalue>
      <onparentdelete></onparentdelete>
      <parentsubtab></parentsubtab>
      <rolerestrict>F</rolerestrict>
      <searchcomparefield></searchcomparefield>
      <searchdefault></searchdefault>
      <searchlevel>2</searchlevel>
      <selectrecordtype></selectrecordtype>
      <showinlist>T</showinlist>
      <sourcefilterby></sourcefilterby>
      <sourcefrom></sourcefrom>
      <sourcelist></sourcelist>
      <storevalue>T</storevalue>
      <subtab></subtab>
    </customrecordcustomfield>
    <customrecordcustomfield scriptid="custrecord_epl_to_qty">
      <accesslevel>2</accesslevel>
      <allowquickadd>F</allowquickadd>
      <applyformatting>T</applyformatting>
      <checkspelling>F</checkspelling>
      <defaultchecked>F</defaultchecked>
      <defaultselection></defaultselection>
      <defaultvalue></defaultvalue>
      <description></description>
      <displayheight></displayheight>
      <displaytype>NORMAL</displaytype>
      <displaywidth></displaywidth>
      <dynamicdefault></dynamicdefault>
      <encryptatrest>F</encryptatrest>
      <fieldtype>FLOAT</fieldtype>
      <globalsearch>F</globalsearch>
      <help></help>
      <isformula>F</isformula>
      <ismandatory>F</ismandatory>
      <isparent>F</isparent>
      <label>数量至</label>
      <linktext></linktext>
      <maxlength></maxlength>
      <maxvalue></maxvalue>
      <minvalue></minvalue>
      <onparentdelete></onparentdelete>
      <parentsubtab></parentsubtab>
      <rolerestrict>F</rolerestrict>
      <searchcomparefield></searchcomparefield>
      <searchdefault></searchdefault>
      <searchlevel>2</searchlevel>
      <selectrecordtype></selectrecordtype>
      <showinlist>T</showinlist>
      <sourcefilterby></sourcefilterby>
      <sourcefrom></sourcefrom>
      <sourcelist></sourcelist>
      <storevalue>T</storevalue>
      <subtab></subtab>
    </customrecordcustomfield>
    <customrecordcustomfield scriptid="custrecord_epl_vendor">
      <accesslevel>2</accesslevel>
      <allowquickadd>F</allowquickadd>
      <applyformatting>F</applyformatting>
      <checkspelling>F</checkspelling>
      <defaultchecked>F</defaultchecked>
      <defaultselection></defaultselection>
      <defaultvalue></defaultvalue>
      <description></description>
      <displayheight></displayheight>
      <displaytype>NORMAL</displaytype>
      <displaywidth></displaywidth>
      <dynamicdefault></dynamicdefault>
      <encryptatrest>F</encryptatrest>
      <fieldtype>SELECT</fieldtype>
      <globalsearch>F</globalsearch>
      <help></help>
      <isformula>F</isformula>
      <ismandatory>F</ismandatory>
      <isparent>F</isparent>
      <label>供应商</label>
      <linktext></linktext>
      <maxlength></maxlength>
      <maxvalue></maxvalue>
      <minvalue></minvalue>
      <onparentdelete>SET_NULL</onparentdelete>
      <parentsubtab></parentsubtab>
      <rolerestrict>F</rolerestrict>
      <searchcomparefield></searchcomparefield>
      <searchdefault></searchdefault>
      <searchlevel>2</searchlevel>
      <selectrecordtype>-3</selectrecordtype>
      <showinlist>T</showinlist>
      <sourcefilterby></sourcefilterby>
      <sourcefrom>[scriptid=custitem_ecm_vendor]</sourcefrom>
      <sourcelist>[scriptid=customrecord_ecm_price_book.custrecord_epl_sku]</sourcelist>
      <storevalue>T</storevalue>
      <subtab></subtab>
      <customfieldfilters>
        <customfieldfilter>
          <fldcomparefield></fldcomparefield>
          <fldfilter>STDENTITYVENDTYPE</fldfilter>
          <fldfilterchecked></fldfilterchecked>
          <fldfiltercomparetype>NE</fldfiltercomparetype>
          <fldfilternotnull>F</fldfilternotnull>
          <fldfilternull>F</fldfilternull>
          <fldfiltersel>[ACCOUNT_SPECIFIC_VALUE]</fldfiltersel>
          <fldfilterval></fldfilterval>
        </customfieldfilter>
      </customfieldfilters>
    </customrecordcustomfield>
    <customrecordcustomfield scriptid="custrecord_epl_brand">
      <accesslevel>2</accesslevel>
      <allowquickadd>F</allowquickadd>
      <applyformatting>F</applyformatting>
      <checkspelling>F</checkspelling>
      <defaultchecked>F</defaultchecked>
      <defaultselection></defaultselection>
      <defaultvalue></defaultvalue>
      <description></description>
      <displayheight></displayheight>
      <displaytype>NORMAL</displaytype>
      <displaywidth></displaywidth>
      <dynamicdefault></dynamicdefault>
      <encryptatrest>F</encryptatrest>
      <fieldtype>TEXT</fieldtype>
      <globalsearch>F</globalsearch>
      <help></help>
      <isformula>F</isformula>
      <ismandatory>F</ismandatory>
      <isparent>F</isparent>
      <label>品牌</label>
      <linktext></linktext>
      <maxlength></maxlength>
      <maxvalue></maxvalue>
      <minvalue></minvalue>
      <onparentdelete></onparentdelete>
      <parentsubtab></parentsubtab>
      <rolerestrict>F</rolerestrict>
      <searchcomparefield></searchcomparefield>
      <searchdefault></searchdefault>
      <searchlevel>2</searchlevel>
      <selectrecordtype></selectrecordtype>
      <showinlist>T</showinlist>
      <sourcefilterby></sourcefilterby>
      <sourcefrom>[scriptid=custitem_ecm_brand]</sourcefrom>
      <sourcelist>[scriptid=customrecord_ecm_price_book.custrecord_epl_sku]</sourcelist>
      <storevalue>T</storevalue>
      <subtab></subtab>
    </customrecordcustomfield>
    <customrecordcustomfield scriptid="custrecord_epl_package_unit">
      <accesslevel>2</accesslevel>
      <allowquickadd>F</allowquickadd>
      <applyformatting>F</applyformatting>
      <checkspelling>F</checkspelling>
      <defaultchecked>F</defaultchecked>
      <defaultselection></defaultselection>
      <defaultvalue></defaultvalue>
      <description></description>
      <displayheight></displayheight>
      <displaytype>NORMAL</displaytype>
      <displaywidth></displaywidth>
      <dynamicdefault></dynamicdefault>
      <encryptatrest>F</encryptatrest>
      <fieldtype>TEXT</fieldtype>
      <globalsearch>F</globalsearch>
      <help></help>
      <isformula>F</isformula>
      <ismandatory>F</ismandatory>
      <isparent>F</isparent>
      <label>包装单位</label>
      <linktext></linktext>
      <maxlength></maxlength>
      <maxvalue></maxvalue>
      <minvalue></minvalue>
      <onparentdelete></onparentdelete>
      <parentsubtab></parentsubtab>
      <rolerestrict>F</rolerestrict>
      <searchcomparefield></searchcomparefield>
      <searchdefault></searchdefault>
      <searchlevel>2</searchlevel>
      <selectrecordtype></selectrecordtype>
      <showinlist>T</showinlist>
      <sourcefilterby></sourcefilterby>
      <sourcefrom>[scriptid=custitem_ecm_package_unit]</sourcefrom>
      <sourcelist>[scriptid=customrecord_ecm_price_book.custrecord_epl_sku]</sourcelist>
      <storevalue>T</storevalue>
      <subtab></subtab>
    </customrecordcustomfield>
    <customrecordcustomfield scriptid="custrecord_epl_case_package_weight">
      <accesslevel>2</accesslevel>
      <allowquickadd>F</allowquickadd>
      <applyformatting>T</applyformatting>
      <checkspelling>F</checkspelling>
      <defaultchecked>F</defaultchecked>
      <defaultselection></defaultselection>
      <defaultvalue></defaultvalue>
      <description></description>
      <displayheight></displayheight>
      <displaytype>NORMAL</displaytype>
      <displaywidth></displaywidth>
      <dynamicdefault></dynamicdefault>
      <encryptatrest>F</encryptatrest>
      <fieldtype>FLOAT</fieldtype>
      <globalsearch>F</globalsearch>
      <help></help>
      <isformula>F</isformula>
      <ismandatory>F</ismandatory>
      <isparent>F</isparent>
      <label>单件包装重</label>
      <linktext></linktext>
      <maxlength></maxlength>
      <maxvalue></maxvalue>
      <minvalue></minvalue>
      <onparentdelete></onparentdelete>
      <parentsubtab></parentsubtab>
      <rolerestrict>F</rolerestrict>
      <searchcomparefield></searchcomparefield>
      <searchdefault></searchdefault>
      <searchlevel>2</searchlevel>
      <selectrecordtype></selectrecordtype>
      <showinlist>F</showinlist>
      <sourcefilterby></sourcefilterby>
      <sourcefrom>[scriptid=custitem_ecm_case_package_kg]</sourcefrom>
      <sourcelist>[scriptid=customrecord_ecm_price_book.custrecord_epl_sku]</sourcelist>
      <storevalue>T</storevalue>
      <subtab></subtab>
    </customrecordcustomfield>
    <customrecordcustomfield scriptid="custrecord_epl_from_date">
      <accesslevel>2</accesslevel>
      <allowquickadd>F</allowquickadd>
      <applyformatting>F</applyformatting>
      <checkspelling>F</checkspelling>
      <defaultchecked>F</defaultchecked>
      <defaultselection></defaultselection>
      <defaultvalue></defaultvalue>
      <description></description>
      <displayheight></displayheight>
      <displaytype>NORMAL</displaytype>
      <displaywidth></displaywidth>
      <dynamicdefault></dynamicdefault>
      <encryptatrest>F</encryptatrest>
      <fieldtype>DATE</fieldtype>
      <globalsearch>F</globalsearch>
      <help></help>
      <isformula>F</isformula>
      <ismandatory>F</ismandatory>
      <isparent>F</isparent>
      <label>有效期从</label>
      <linktext></linktext>
      <maxlength></maxlength>
      <maxvalue></maxvalue>
      <minvalue></minvalue>
      <onparentdelete></onparentdelete>
      <parentsubtab></parentsubtab>
      <rolerestrict>F</rolerestrict>
      <searchcomparefield></searchcomparefield>
      <searchdefault></searchdefault>
      <searchlevel>2</searchlevel>
      <selectrecordtype></selectrecordtype>
      <showinlist>T</showinlist>
      <sourcefilterby></sourcefilterby>
      <sourcefrom></sourcefrom>
      <sourcelist></sourcelist>
      <storevalue>T</storevalue>
      <subtab></subtab>
    </customrecordcustomfield>
    <customrecordcustomfield scriptid="custrecord_epl_to_date">
      <accesslevel>2</accesslevel>
      <allowquickadd>F</allowquickadd>
      <applyformatting>F</applyformatting>
      <checkspelling>F</checkspelling>
      <defaultchecked>F</defaultchecked>
      <defaultselection></defaultselection>
      <defaultvalue></defaultvalue>
      <description></description>
      <displayheight></displayheight>
      <displaytype>NORMAL</displaytype>
      <displaywidth></displaywidth>
      <dynamicdefault></dynamicdefault>
      <encryptatrest>F</encryptatrest>
      <fieldtype>DATE</fieldtype>
      <globalsearch>F</globalsearch>
      <help></help>
      <isformula>F</isformula>
      <ismandatory>F</ismandatory>
      <isparent>F</isparent>
      <label>有效期至</label>
      <linktext></linktext>
      <maxlength></maxlength>
      <maxvalue></maxvalue>
      <minvalue></minvalue>
      <onparentdelete></onparentdelete>
      <parentsubtab></parentsubtab>
      <rolerestrict>F</rolerestrict>
      <searchcomparefield></searchcomparefield>
      <searchdefault></searchdefault>
      <searchlevel>2</searchlevel>
      <selectrecordtype></selectrecordtype>
      <showinlist>T</showinlist>
      <sourcefilterby></sourcefilterby>
      <sourcefrom></sourcefrom>
      <sourcelist></sourcelist>
      <storevalue>T</storevalue>
      <subtab></subtab>
    </customrecordcustomfield>
    <customrecordcustomfield scriptid="custrecord_epl_purchase_price">
      <accesslevel>2</accesslevel>
      <allowquickadd>F</allowquickadd>
      <applyformatting>T</applyformatting>
      <checkspelling>F</checkspelling>
      <defaultchecked>F</defaultchecked>
      <defaultselection></defaultselection>
      <defaultvalue></defaultvalue>
      <description></description>
      <displayheight></displayheight>
      <displaytype>NORMAL</displaytype>
      <displaywidth></displaywidth>
      <dynamicdefault></dynamicdefault>
      <encryptatrest>F</encryptatrest>
      <fieldtype>FLOAT</fieldtype>
      <globalsearch>F</globalsearch>
      <help></help>
      <isformula>F</isformula>
      <ismandatory>F</ismandatory>
      <isparent>F</isparent>
      <label>采购价格</label>
      <linktext></linktext>
      <maxlength></maxlength>
      <maxvalue></maxvalue>
      <minvalue></minvalue>
      <onparentdelete></onparentdelete>
      <parentsubtab></parentsubtab>
      <rolerestrict>F</rolerestrict>
      <searchcomparefield></searchcomparefield>
      <searchdefault></searchdefault>
      <searchlevel>2</searchlevel>
      <selectrecordtype></selectrecordtype>
      <showinlist>T</showinlist>
      <sourcefilterby></sourcefilterby>
      <sourcefrom></sourcefrom>
      <sourcelist></sourcelist>
      <storevalue>T</storevalue>
      <subtab></subtab>
    </customrecordcustomfield>
    <customrecordcustomfield scriptid="custrecord_epl_selling_price">
      <accesslevel>2</accesslevel>
      <allowquickadd>F</allowquickadd>
      <applyformatting>T</applyformatting>
      <checkspelling>F</checkspelling>
      <defaultchecked>F</defaultchecked>
      <defaultselection></defaultselection>
      <defaultvalue></defaultvalue>
      <description></description>
      <displayheight></displayheight>
      <displaytype>NORMAL</displaytype>
      <displaywidth></displaywidth>
      <dynamicdefault></dynamicdefault>
      <encryptatrest>F</encryptatrest>
      <fieldtype>FLOAT</fieldtype>
      <globalsearch>F</globalsearch>
      <help></help>
      <isformula>F</isformula>
      <ismandatory>F</ismandatory>
      <isparent>F</isparent>
      <label>销售价格</label>
      <linktext></linktext>
      <maxlength></maxlength>
      <maxvalue></maxvalue>
      <minvalue></minvalue>
      <onparentdelete></onparentdelete>
      <parentsubtab></parentsubtab>
      <rolerestrict>F</rolerestrict>
      <searchcomparefield></searchcomparefield>
      <searchdefault></searchdefault>
      <searchlevel>2</searchlevel>
      <selectrecordtype></selectrecordtype>
      <showinlist>T</showinlist>
      <sourcefilterby></sourcefilterby>
      <sourcefrom></sourcefrom>
      <sourcelist></sourcelist>
      <storevalue>T</storevalue>
      <subtab></subtab>
    </customrecordcustomfield>
    <customrecordcustomfield scriptid="custrecord_epl_currency">
      <accesslevel>2</accesslevel>
      <allowquickadd>F</allowquickadd>
      <applyformatting>F</applyformatting>
      <checkspelling>F</checkspelling>
      <defaultchecked>F</defaultchecked>
      <defaultselection>[ACCOUNT_SPECIFIC_VALUE]</defaultselection>
      <defaultvalue></defaultvalue>
      <description></description>
      <displayheight></displayheight>
      <displaytype>NORMAL</displaytype>
      <displaywidth></displaywidth>
      <dynamicdefault></dynamicdefault>
      <encryptatrest>F</encryptatrest>
      <fieldtype>SELECT</fieldtype>
      <globalsearch>F</globalsearch>
      <help></help>
      <isformula>F</isformula>
      <ismandatory>F</ismandatory>
      <isparent>F</isparent>
      <label>币种</label>
      <linktext></linktext>
      <maxlength></maxlength>
      <maxvalue></maxvalue>
      <minvalue></minvalue>
      <onparentdelete>NO_ACTION</onparentdelete>
      <parentsubtab></parentsubtab>
      <rolerestrict>F</rolerestrict>
      <searchcomparefield></searchcomparefield>
      <searchdefault></searchdefault>
      <searchlevel>2</searchlevel>
      <selectrecordtype>-122</selectrecordtype>
      <showinlist>T</showinlist>
      <sourcefilterby></sourcefilterby>
      <sourcefrom></sourcefrom>
      <sourcelist></sourcelist>
      <storevalue>T</storevalue>
      <subtab></subtab>
    </customrecordcustomfield>
    <customrecordcustomfield scriptid="custrecord_epl_incoterm">
      <accesslevel>2</accesslevel>
      <allowquickadd>F</allowquickadd>
      <applyformatting>F</applyformatting>
      <checkspelling>F</checkspelling>
      <defaultchecked>F</defaultchecked>
      <defaultselection></defaultselection>
      <defaultvalue></defaultvalue>
      <description></description>
      <displayheight></displayheight>
      <displaytype>NORMAL</displaytype>
      <displaywidth></displaywidth>
      <dynamicdefault></dynamicdefault>
      <encryptatrest>F</encryptatrest>
      <fieldtype>SELECT</fieldtype>
      <globalsearch>F</globalsearch>
      <help></help>
      <isformula>F</isformula>
      <ismandatory>F</ismandatory>
      <isparent>F</isparent>
      <label>贸易条款</label>
      <linktext></linktext>
      <maxlength></maxlength>
      <maxvalue></maxvalue>
      <minvalue></minvalue>
      <onparentdelete>NO_ACTION</onparentdelete>
      <parentsubtab></parentsubtab>
      <rolerestrict>F</rolerestrict>
      <searchcomparefield></searchcomparefield>
      <searchdefault></searchdefault>
      <searchlevel>2</searchlevel>
      <selectrecordtype>-324</selectrecordtype>
      <showinlist>T</showinlist>
      <sourcefilterby></sourcefilterby>
      <sourcefrom></sourcefrom>
      <sourcelist></sourcelist>
      <storevalue>T</storevalue>
      <subtab></subtab>
    </customrecordcustomfield>
    <customrecordcustomfield scriptid="custrecord_epl_sales_units">
      <accesslevel>2</accesslevel>
      <allowquickadd>F</allowquickadd>
      <applyformatting>F</applyformatting>
      <checkspelling>F</checkspelling>
      <defaultchecked>F</defaultchecked>
      <defaultselection></defaultselection>
      <defaultvalue></defaultvalue>
      <description></description>
      <displayheight></displayheight>
      <displaytype>NORMAL</displaytype>
      <displaywidth></displaywidth>
      <dynamicdefault></dynamicdefault>
      <encryptatrest>F</encryptatrest>
      <fieldtype>SELECT</fieldtype>
      <globalsearch>F</globalsearch>
      <help></help>
      <isformula>F</isformula>
      <ismandatory>F</ismandatory>
      <isparent>F</isparent>
      <label>销售单位</label>
      <linktext></linktext>
      <maxlength></maxlength>
      <maxvalue></maxvalue>
      <minvalue></minvalue>
      <onparentdelete>NO_ACTION</onparentdelete>
      <parentsubtab></parentsubtab>
      <rolerestrict>F</rolerestrict>
      <searchcomparefield></searchcomparefield>
      <searchdefault></searchdefault>
      <searchlevel>2</searchlevel>
      <selectrecordtype>-221</selectrecordtype>
      <showinlist>T</showinlist>
      <sourcefilterby></sourcefilterby>
      <sourcefrom>STDITEMSALEUNIT</sourcefrom>
      <sourcelist>[scriptid=customrecord_ecm_price_book.custrecord_epl_sku]</sourcelist>
      <storevalue>T</storevalue>
      <subtab></subtab>
    </customrecordcustomfield>
    <customrecordcustomfield scriptid="custrecord_epl_loadcing_port">
      <accesslevel>2</accesslevel>
      <allowquickadd>F</allowquickadd>
      <applyformatting>F</applyformatting>
      <checkspelling>F</checkspelling>
      <defaultchecked>F</defaultchecked>
      <defaultselection></defaultselection>
      <defaultvalue></defaultvalue>
      <description></description>
      <displayheight></displayheight>
      <displaytype>NORMAL</displaytype>
      <displaywidth></displaywidth>
      <dynamicdefault></dynamicdefault>
      <encryptatrest>F</encryptatrest>
      <fieldtype>SELECT</fieldtype>
      <globalsearch>F</globalsearch>
      <help></help>
      <isformula>F</isformula>
      <ismandatory>F</ismandatory>
      <isparent>F</isparent>
      <label>起运港</label>
      <linktext></linktext>
      <maxlength></maxlength>
      <maxvalue></maxvalue>
      <minvalue></minvalue>
      <onparentdelete>NO_ACTION</onparentdelete>
      <parentsubtab></parentsubtab>
      <rolerestrict>F</rolerestrict>
      <searchcomparefield></searchcomparefield>
      <searchdefault></searchdefault>
      <searchlevel>2</searchlevel>
      <selectrecordtype>[scriptid=customrecord_ecm_loaddest_ports]</selectrecordtype>
      <showinlist>T</showinlist>
      <sourcefilterby></sourcefilterby>
      <sourcefrom></sourcefrom>
      <sourcelist></sourcelist>
      <storevalue>T</storevalue>
      <subtab></subtab>
    </customrecordcustomfield>
    <customrecordcustomfield scriptid="custrecord_epl_ispallet">
      <accesslevel>2</accesslevel>
      <allowquickadd>F</allowquickadd>
      <applyformatting>F</applyformatting>
      <checkspelling>F</checkspelling>
      <defaultchecked>F</defaultchecked>
      <defaultselection></defaultselection>
      <defaultvalue></defaultvalue>
      <description></description>
      <displayheight></displayheight>
      <displaytype>NORMAL</displaytype>
      <displaywidth></displaywidth>
      <dynamicdefault></dynamicdefault>
      <encryptatrest>F</encryptatrest>
      <fieldtype>CHECKBOX</fieldtype>
      <globalsearch>F</globalsearch>
      <help></help>
      <isformula>F</isformula>
      <ismandatory>F</ismandatory>
      <isparent>F</isparent>
      <label>打托</label>
      <linktext></linktext>
      <maxlength></maxlength>
      <maxvalue></maxvalue>
      <minvalue></minvalue>
      <onparentdelete></onparentdelete>
      <parentsubtab></parentsubtab>
      <rolerestrict>F</rolerestrict>
      <searchcomparefield></searchcomparefield>
      <searchdefault></searchdefault>
      <searchlevel>2</searchlevel>
      <selectrecordtype></selectrecordtype>
      <showinlist>T</showinlist>
      <sourcefilterby></sourcefilterby>
      <sourcefrom></sourcefrom>
      <sourcelist></sourcelist>
      <storevalue>T</storevalue>
      <subtab></subtab>
    </customrecordcustomfield>
    <customrecordcustomfield scriptid="custrecord_epl_containers_type">
      <accesslevel>2</accesslevel>
      <allowquickadd>F</allowquickadd>
      <applyformatting>F</applyformatting>
      <checkspelling>F</checkspelling>
      <defaultchecked>F</defaultchecked>
      <defaultselection></defaultselection>
      <defaultvalue></defaultvalue>
      <description></description>
      <displayheight></displayheight>
      <displaytype>NORMAL</displaytype>
      <displaywidth></displaywidth>
      <dynamicdefault></dynamicdefault>
      <encryptatrest>F</encryptatrest>
      <fieldtype>SELECT</fieldtype>
      <globalsearch>F</globalsearch>
      <help></help>
      <isformula>F</isformula>
      <ismandatory>F</ismandatory>
      <isparent>F</isparent>
      <label>集装箱类型</label>
      <linktext></linktext>
      <maxlength></maxlength>
      <maxvalue></maxvalue>
      <minvalue></minvalue>
      <onparentdelete>NO_ACTION</onparentdelete>
      <parentsubtab></parentsubtab>
      <rolerestrict>F</rolerestrict>
      <searchcomparefield></searchcomparefield>
      <searchdefault></searchdefault>
      <searchlevel>2</searchlevel>
      <selectrecordtype>[scriptid=customlist_ecm_container_type]</selectrecordtype>
      <showinlist>T</showinlist>
      <sourcefilterby></sourcefilterby>
      <sourcefrom></sourcefrom>
      <sourcelist></sourcelist>
      <storevalue>T</storevalue>
      <subtab></subtab>
    </customrecordcustomfield>
    <customrecordcustomfield scriptid="custrecord_epl_status">
      <accesslevel>2</accesslevel>
      <allowquickadd>F</allowquickadd>
      <applyformatting>F</applyformatting>
      <checkspelling>F</checkspelling>
      <defaultchecked>F</defaultchecked>
      <defaultselection>[scriptid=customlist_ecm_price_status.val_15455_7284938_sb1_101]</defaultselection>
      <defaultvalue></defaultvalue>
      <description></description>
      <displayheight></displayheight>
      <displaytype>NORMAL</displaytype>
      <displaywidth></displaywidth>
      <dynamicdefault></dynamicdefault>
      <encryptatrest>F</encryptatrest>
      <fieldtype>SELECT</fieldtype>
      <globalsearch>F</globalsearch>
      <help></help>
      <isformula>F</isformula>
      <ismandatory>F</ismandatory>
      <isparent>F</isparent>
      <label>状态</label>
      <linktext></linktext>
      <maxlength></maxlength>
      <maxvalue></maxvalue>
      <minvalue></minvalue>
      <onparentdelete>NO_ACTION</onparentdelete>
      <parentsubtab></parentsubtab>
      <rolerestrict>F</rolerestrict>
      <searchcomparefield></searchcomparefield>
      <searchdefault></searchdefault>
      <searchlevel>2</searchlevel>
      <selectrecordtype>[scriptid=customlist_ecm_price_status]</selectrecordtype>
      <showinlist>T</showinlist>
      <sourcefilterby></sourcefilterby>
      <sourcefrom></sourcefrom>
      <sourcelist></sourcelist>
      <storevalue>T</storevalue>
      <subtab></subtab>
    </customrecordcustomfield>
    <customrecordcustomfield scriptid="custrecord_epl_approver">
      <accesslevel>2</accesslevel>
      <allowquickadd>F</allowquickadd>
      <applyformatting>F</applyformatting>
      <checkspelling>F</checkspelling>
      <defaultchecked>F</defaultchecked>
      <defaultselection></defaultselection>
      <defaultvalue></defaultvalue>
      <description></description>
      <displayheight></displayheight>
      <displaytype>NORMAL</displaytype>
      <displaywidth></displaywidth>
      <dynamicdefault></dynamicdefault>
      <encryptatrest>F</encryptatrest>
      <fieldtype>SELECT</fieldtype>
      <globalsearch>F</globalsearch>
      <help></help>
      <isformula>F</isformula>
      <ismandatory>F</ismandatory>
      <isparent>F</isparent>
      <label>当前审批人</label>
      <linktext></linktext>
      <maxlength></maxlength>
      <maxvalue></maxvalue>
      <minvalue></minvalue>
      <onparentdelete>SET_NULL</onparentdelete>
      <parentsubtab></parentsubtab>
      <rolerestrict>F</rolerestrict>
      <searchcomparefield></searchcomparefield>
      <searchdefault></searchdefault>
      <searchlevel>2</searchlevel>
      <selectrecordtype>-4</selectrecordtype>
      <showinlist>T</showinlist>
      <sourcefilterby></sourcefilterby>
      <sourcefrom></sourcefrom>
      <sourcelist></sourcelist>
      <storevalue>T</storevalue>
      <subtab></subtab>
    </customrecordcustomfield>
    <customrecordcustomfield scriptid="custrecord__epl_spec">
      <accesslevel>2</accesslevel>
      <allowquickadd>F</allowquickadd>
      <applyformatting>F</applyformatting>
      <checkspelling>F</checkspelling>
      <defaultchecked>F</defaultchecked>
      <defaultselection></defaultselection>
      <defaultvalue></defaultvalue>
      <description></description>
      <displayheight></displayheight>
      <displaytype>NORMAL</displaytype>
      <displaywidth></displaywidth>
      <dynamicdefault></dynamicdefault>
      <encryptatrest>F</encryptatrest>
      <fieldtype>TEXT</fieldtype>
      <globalsearch>F</globalsearch>
      <help></help>
      <isformula>F</isformula>
      <ismandatory>F</ismandatory>
      <isparent>F</isparent>
      <label>规格</label>
      <linktext></linktext>
      <maxlength></maxlength>
      <maxvalue></maxvalue>
      <minvalue></minvalue>
      <onparentdelete></onparentdelete>
      <parentsubtab></parentsubtab>
      <rolerestrict>F</rolerestrict>
      <searchcomparefield></searchcomparefield>
      <searchdefault></searchdefault>
      <searchlevel>2</searchlevel>
      <selectrecordtype></selectrecordtype>
      <showinlist>T</showinlist>
      <sourcefilterby></sourcefilterby>
      <sourcefrom>[scriptid=custitem_ecm_spec_combine_en]</sourcefrom>
      <sourcelist>[scriptid=customrecord_ecm_price_book.custrecord_epl_sku]</sourcelist>
      <storevalue>T</storevalue>
      <subtab></subtab>
    </customrecordcustomfield>
    <customrecordcustomfield scriptid="custrecord_epl_subsidiary">
      <accesslevel>2</accesslevel>
      <allowquickadd>F</allowquickadd>
      <applyformatting>F</applyformatting>
      <checkspelling>F</checkspelling>
      <defaultchecked>F</defaultchecked>
      <defaultselection></defaultselection>
      <defaultvalue></defaultvalue>
      <description></description>
      <displayheight></displayheight>
      <displaytype>NORMAL</displaytype>
      <displaywidth></displaywidth>
      <dynamicdefault></dynamicdefault>
      <encryptatrest>F</encryptatrest>
      <fieldtype>SELECT</fieldtype>
      <globalsearch>F</globalsearch>
      <help></help>
      <isformula>F</isformula>
      <ismandatory>F</ismandatory>
      <isparent>F</isparent>
      <label>Subsidiary</label>
      <linktext></linktext>
      <maxlength></maxlength>
      <maxvalue></maxvalue>
      <minvalue></minvalue>
      <onparentdelete>NO_ACTION</onparentdelete>
      <parentsubtab></parentsubtab>
      <rolerestrict>F</rolerestrict>
      <searchcomparefield></searchcomparefield>
      <searchdefault></searchdefault>
      <searchlevel>2</searchlevel>
      <selectrecordtype>-117</selectrecordtype>
      <showinlist>F</showinlist>
      <sourcefilterby></sourcefilterby>
      <sourcefrom></sourcefrom>
      <sourcelist></sourcelist>
      <storevalue>T</storevalue>
      <subtab></subtab>
      <customfieldfilters>
        <customfieldfilter>
          <fldcomparefield></fldcomparefield>
          <fldfilter>STDRECORDSUBSIDIARYISELIMINATION</fldfilter>
          <fldfilterchecked>F</fldfilterchecked>
          <fldfiltercomparetype>EQ</fldfiltercomparetype>
          <fldfilternotnull>F</fldfilternotnull>
          <fldfilternull>F</fldfilternull>
          <fldfiltersel></fldfiltersel>
          <fldfilterval></fldfilterval>
        </customfieldfilter>
      </customfieldfilters>
    </customrecordcustomfield>
    <customrecordcustomfield scriptid="custrecord_epl_delivery_time_memo">
      <accesslevel>2</accesslevel>
      <allowquickadd>F</allowquickadd>
      <applyformatting>F</applyformatting>
      <checkspelling>F</checkspelling>
      <defaultchecked>F</defaultchecked>
      <defaultselection></defaultselection>
      <defaultvalue></defaultvalue>
      <description></description>
      <displayheight></displayheight>
      <displaytype>NORMAL</displaytype>
      <displaywidth></displaywidth>
      <dynamicdefault></dynamicdefault>
      <encryptatrest>F</encryptatrest>
      <fieldtype>TEXT</fieldtype>
      <globalsearch>F</globalsearch>
      <help></help>
      <isformula>F</isformula>
      <ismandatory>F</ismandatory>
      <isparent>F</isparent>
      <label>Delivery Time(Text)</label>
      <linktext></linktext>
      <maxlength></maxlength>
      <maxvalue></maxvalue>
      <minvalue></minvalue>
      <onparentdelete></onparentdelete>
      <parentsubtab></parentsubtab>
      <rolerestrict>F</rolerestrict>
      <searchcomparefield></searchcomparefield>
      <searchdefault></searchdefault>
      <searchlevel>2</searchlevel>
      <selectrecordtype></selectrecordtype>
      <showinlist>F</showinlist>
      <sourcefilterby></sourcefilterby>
      <sourcefrom></sourcefrom>
      <sourcelist></sourcelist>
      <storevalue>T</storevalue>
      <subtab></subtab>
    </customrecordcustomfield>
    <customrecordcustomfield scriptid="custrecord_epl_gross_margin">
      <accesslevel>2</accesslevel>
      <allowquickadd>F</allowquickadd>
      <applyformatting>T</applyformatting>
      <checkspelling>F</checkspelling>
      <defaultchecked>F</defaultchecked>
      <defaultselection></defaultselection>
      <defaultvalue></defaultvalue>
      <description></description>
      <displayheight></displayheight>
      <displaytype>NORMAL</displaytype>
      <displaywidth></displaywidth>
      <dynamicdefault></dynamicdefault>
      <encryptatrest>F</encryptatrest>
      <fieldtype>PERCENT</fieldtype>
      <globalsearch>F</globalsearch>
      <help></help>
      <isformula>F</isformula>
      <ismandatory>F</ismandatory>
      <isparent>F</isparent>
      <label>毛利率</label>
      <linktext></linktext>
      <maxlength></maxlength>
      <maxvalue></maxvalue>
      <minvalue></minvalue>
      <onparentdelete></onparentdelete>
      <parentsubtab></parentsubtab>
      <rolerestrict>F</rolerestrict>
      <searchcomparefield></searchcomparefield>
      <searchdefault></searchdefault>
      <searchlevel>2</searchlevel>
      <selectrecordtype></selectrecordtype>
      <showinlist>F</showinlist>
      <sourcefilterby></sourcefilterby>
      <sourcefrom></sourcefrom>
      <sourcelist></sourcelist>
      <storevalue>T</storevalue>
      <subtab></subtab>
    </customrecordcustomfield>
    <customrecordcustomfield scriptid="custrecord_epl_sales_region">
      <accesslevel>2</accesslevel>
      <allowquickadd>F</allowquickadd>
      <applyformatting>F</applyformatting>
      <checkspelling>F</checkspelling>
      <defaultchecked>F</defaultchecked>
      <defaultselection></defaultselection>
      <defaultvalue></defaultvalue>
      <description></description>
      <displayheight></displayheight>
      <displaytype>NORMAL</displaytype>
      <displaywidth></displaywidth>
      <dynamicdefault></dynamicdefault>
      <encryptatrest>F</encryptatrest>
      <fieldtype>SELECT</fieldtype>
      <globalsearch>F</globalsearch>
      <help></help>
      <isformula>F</isformula>
      <ismandatory>F</ismandatory>
      <isparent>F</isparent>
      <label>销售区域</label>
      <linktext></linktext>
      <maxlength></maxlength>
      <maxvalue></maxvalue>
      <minvalue></minvalue>
      <onparentdelete>NO_ACTION</onparentdelete>
      <parentsubtab></parentsubtab>
      <rolerestrict>F</rolerestrict>
      <searchcomparefield></searchcomparefield>
      <searchdefault></searchdefault>
      <searchlevel>2</searchlevel>
      <selectrecordtype>[scriptid=customrecord_ecm_salesregion]</selectrecordtype>
      <showinlist>F</showinlist>
      <sourcefilterby></sourcefilterby>
      <sourcefrom></sourcefrom>
      <sourcelist></sourcelist>
      <storevalue>T</storevalue>
      <subtab></subtab>
    </customrecordcustomfield>
    <customrecordcustomfield scriptid="custrecord_epl_sales_territroy_owner">
      <accesslevel>2</accesslevel>
      <allowquickadd>F</allowquickadd>
      <applyformatting>F</applyformatting>
      <checkspelling>F</checkspelling>
      <defaultchecked>F</defaultchecked>
      <defaultselection></defaultselection>
      <defaultvalue></defaultvalue>
      <description></description>
      <displayheight></displayheight>
      <displaytype>NORMAL</displaytype>
      <displaywidth></displaywidth>
      <dynamicdefault></dynamicdefault>
      <encryptatrest>F</encryptatrest>
      <fieldtype>SELECT</fieldtype>
      <globalsearch>F</globalsearch>
      <help></help>
      <isformula>F</isformula>
      <ismandatory>F</ismandatory>
      <isparent>F</isparent>
      <label>销售区域负责人</label>
      <linktext></linktext>
      <maxlength></maxlength>
      <maxvalue></maxvalue>
      <minvalue></minvalue>
      <onparentdelete>SET_NULL</onparentdelete>
      <parentsubtab></parentsubtab>
      <rolerestrict>F</rolerestrict>
      <searchcomparefield></searchcomparefield>
      <searchdefault></searchdefault>
      <searchlevel>2</searchlevel>
      <selectrecordtype>-4</selectrecordtype>
      <showinlist>F</showinlist>
      <sourcefilterby></sourcefilterby>
      <sourcefrom>[scriptid=customrecord_ecm_salesregion.custrecord_es_pharma_owner]</sourcefrom>
      <sourcelist>[scriptid=customrecord_ecm_price_book.custrecord_epl_sales_region]</sourcelist>
      <storevalue>T</storevalue>
      <subtab></subtab>
    </customrecordcustomfield>
    <customrecordcustomfield scriptid="custrecord_epl_length_of_case">
      <accesslevel>2</accesslevel>
      <allowquickadd>F</allowquickadd>
      <applyformatting>T</applyformatting>
      <checkspelling>F</checkspelling>
      <defaultchecked>F</defaultchecked>
      <defaultselection></defaultselection>
      <defaultvalue></defaultvalue>
      <description></description>
      <displayheight></displayheight>
      <displaytype>LOCKED</displaytype>
      <displaywidth></displaywidth>
      <dynamicdefault></dynamicdefault>
      <encryptatrest>F</encryptatrest>
      <fieldtype>FLOAT</fieldtype>
      <globalsearch>F</globalsearch>
      <help></help>
      <isformula>F</isformula>
      <ismandatory>F</ismandatory>
      <isparent>F</isparent>
      <label>单件长（米）</label>
      <linktext></linktext>
      <maxlength></maxlength>
      <maxvalue></maxvalue>
      <minvalue></minvalue>
      <onparentdelete></onparentdelete>
      <parentsubtab></parentsubtab>
      <rolerestrict>F</rolerestrict>
      <searchcomparefield></searchcomparefield>
      <searchdefault></searchdefault>
      <searchlevel>2</searchlevel>
      <selectrecordtype></selectrecordtype>
      <showinlist>F</showinlist>
      <sourcefilterby></sourcefilterby>
      <sourcefrom>[scriptid=custitem_ecm_length_of_case]</sourcefrom>
      <sourcelist>[scriptid=customrecord_ecm_price_book.custrecord_epl_sku]</sourcelist>
      <storevalue>T</storevalue>
      <subtab></subtab>
    </customrecordcustomfield>
    <customrecordcustomfield scriptid="custrecord_epl_wide_of_case">
      <accesslevel>2</accesslevel>
      <allowquickadd>F</allowquickadd>
      <applyformatting>T</applyformatting>
      <checkspelling>F</checkspelling>
      <defaultchecked>F</defaultchecked>
      <defaultselection></defaultselection>
      <defaultvalue></defaultvalue>
      <description></description>
      <displayheight></displayheight>
      <displaytype>LOCKED</displaytype>
      <displaywidth></displaywidth>
      <dynamicdefault></dynamicdefault>
      <encryptatrest>F</encryptatrest>
      <fieldtype>FLOAT</fieldtype>
      <globalsearch>F</globalsearch>
      <help></help>
      <isformula>F</isformula>
      <ismandatory>F</ismandatory>
      <isparent>F</isparent>
      <label>单件宽（米）</label>
      <linktext></linktext>
      <maxlength></maxlength>
      <maxvalue></maxvalue>
      <minvalue></minvalue>
      <onparentdelete></onparentdelete>
      <parentsubtab></parentsubtab>
      <rolerestrict>F</rolerestrict>
      <searchcomparefield></searchcomparefield>
      <searchdefault></searchdefault>
      <searchlevel>2</searchlevel>
      <selectrecordtype></selectrecordtype>
      <showinlist>F</showinlist>
      <sourcefilterby></sourcefilterby>
      <sourcefrom>[scriptid=custitem_ecm_wide_of_case]</sourcefrom>
      <sourcelist>[scriptid=customrecord_ecm_price_book.custrecord_epl_sku]</sourcelist>
      <storevalue>T</storevalue>
      <subtab></subtab>
    </customrecordcustomfield>
    <customrecordcustomfield scriptid="custrecord_epl_high_of_case">
      <accesslevel>2</accesslevel>
      <allowquickadd>F</allowquickadd>
      <applyformatting>T</applyformatting>
      <checkspelling>F</checkspelling>
      <defaultchecked>F</defaultchecked>
      <defaultselection></defaultselection>
      <defaultvalue></defaultvalue>
      <description></description>
      <displayheight></displayheight>
      <displaytype>LOCKED</displaytype>
      <displaywidth></displaywidth>
      <dynamicdefault></dynamicdefault>
      <encryptatrest>F</encryptatrest>
      <fieldtype>FLOAT</fieldtype>
      <globalsearch>F</globalsearch>
      <help></help>
      <isformula>F</isformula>
      <ismandatory>F</ismandatory>
      <isparent>F</isparent>
      <label>单件高（米）</label>
      <linktext></linktext>
      <maxlength></maxlength>
      <maxvalue></maxvalue>
      <minvalue></minvalue>
      <onparentdelete></onparentdelete>
      <parentsubtab></parentsubtab>
      <rolerestrict>F</rolerestrict>
      <searchcomparefield></searchcomparefield>
      <searchdefault></searchdefault>
      <searchlevel>2</searchlevel>
      <selectrecordtype></selectrecordtype>
      <showinlist>F</showinlist>
      <sourcefilterby></sourcefilterby>
      <sourcefrom>[scriptid=custitem_ecm_high_of_case]</sourcefrom>
      <sourcelist>[scriptid=customrecord_ecm_price_book.custrecord_epl_sku]</sourcelist>
      <storevalue>T</storevalue>
      <subtab></subtab>
    </customrecordcustomfield>
    <customrecordcustomfield scriptid="custrecord_epl_wgt_unit">
      <accesslevel>2</accesslevel>
      <allowquickadd>F</allowquickadd>
      <applyformatting>F</applyformatting>
      <checkspelling>F</checkspelling>
      <defaultchecked>F</defaultchecked>
      <defaultselection></defaultselection>
      <defaultvalue></defaultvalue>
      <description></description>
      <displayheight></displayheight>
      <displaytype>NORMAL</displaytype>
      <displaywidth></displaywidth>
      <dynamicdefault></dynamicdefault>
      <encryptatrest>F</encryptatrest>
      <fieldtype>SELECT</fieldtype>
      <globalsearch>F</globalsearch>
      <help></help>
      <isformula>F</isformula>
      <ismandatory>F</ismandatory>
      <isparent>F</isparent>
      <label>报价单位</label>
      <linktext></linktext>
      <maxlength></maxlength>
      <maxvalue></maxvalue>
      <minvalue></minvalue>
      <onparentdelete>NO_ACTION</onparentdelete>
      <parentsubtab></parentsubtab>
      <rolerestrict>F</rolerestrict>
      <searchcomparefield></searchcomparefield>
      <searchdefault></searchdefault>
      <searchlevel>2</searchlevel>
      <selectrecordtype>[scriptid=customlist_ecm_weight_unit]</selectrecordtype>
      <showinlist>F</showinlist>
      <sourcefilterby></sourcefilterby>
      <sourcefrom>[scriptid=custitem_ecm_wgt_unit]</sourcefrom>
      <sourcelist>[scriptid=customrecord_ecm_price_book.custrecord_epl_sku]</sourcelist>
      <storevalue>T</storevalue>
      <subtab></subtab>
    </customrecordcustomfield>
    <customrecordcustomfield scriptid="custrecord_epl_key">
      <accesslevel>2</accesslevel>
      <allowquickadd>F</allowquickadd>
      <applyformatting>F</applyformatting>
      <checkspelling>F</checkspelling>
      <defaultchecked>F</defaultchecked>
      <defaultselection></defaultselection>
      <defaultvalue></defaultvalue>
      <description></description>
      <displayheight></displayheight>
      <displaytype>LOCKED</displaytype>
      <displaywidth></displaywidth>
      <dynamicdefault></dynamicdefault>
      <encryptatrest>F</encryptatrest>
      <fieldtype>TEXT</fieldtype>
      <globalsearch>F</globalsearch>
      <help></help>
      <isformula>F</isformula>
      <ismandatory>F</ismandatory>
      <isparent>F</isparent>
      <label>Key</label>
      <linktext></linktext>
      <maxlength></maxlength>
      <maxvalue></maxvalue>
      <minvalue></minvalue>
      <onparentdelete></onparentdelete>
      <parentsubtab></parentsubtab>
      <rolerestrict>F</rolerestrict>
      <searchcomparefield></searchcomparefield>
      <searchdefault></searchdefault>
      <searchlevel>2</searchlevel>
      <selectrecordtype></selectrecordtype>
      <showinlist>F</showinlist>
      <sourcefilterby></sourcefilterby>
      <sourcefrom></sourcefrom>
      <sourcelist></sourcelist>
      <storevalue>T</storevalue>
      <subtab></subtab>
      <roleaccesses>
        <roleaccess>
          <accesslevel>2</accesslevel>
          <role>ADMINISTRATOR</role>
          <searchlevel>2</searchlevel>
        </roleaccess>
      </roleaccesses>
    </customrecordcustomfield>
    <customrecordcustomfield scriptid="custrecord35">
      <accesslevel>2</accesslevel>
      <allowquickadd>F</allowquickadd>
      <applyformatting>F</applyformatting>
      <checkspelling>F</checkspelling>
      <defaultchecked>F</defaultchecked>
      <defaultselection></defaultselection>
      <defaultvalue></defaultvalue>
      <description></description>
      <displayheight></displayheight>
      <displaytype>NORMAL</displaytype>
      <displaywidth></displaywidth>
      <dynamicdefault></dynamicdefault>
      <encryptatrest>F</encryptatrest>
      <fieldtype>SELECT</fieldtype>
      <globalsearch>F</globalsearch>
      <help></help>
      <isformula>F</isformula>
      <ismandatory>F</ismandatory>
      <isparent>F</isparent>
      <label>单位</label>
      <linktext></linktext>
      <maxlength></maxlength>
      <maxvalue></maxvalue>
      <minvalue></minvalue>
      <onparentdelete>NO_ACTION</onparentdelete>
      <parentsubtab></parentsubtab>
      <rolerestrict>F</rolerestrict>
      <searchcomparefield></searchcomparefield>
      <searchdefault></searchdefault>
      <searchlevel>2</searchlevel>
      <selectrecordtype>-221</selectrecordtype>
      <showinlist>T</showinlist>
      <sourcefilterby></sourcefilterby>
      <sourcefrom></sourcefrom>
      <sourcelist></sourcelist>
      <storevalue>T</storevalue>
      <subtab></subtab>
    </customrecordcustomfield>
  </customrecordcustomfields>
  <permissions>
    <permission>
      <permittedlevel>VIEW</permittedlevel>
      <permittedrole>[scriptid=customrole1133]</permittedrole>
      <restriction></restriction>
    </permission>
    <permission>
      <permittedlevel>VIEW</permittedlevel>
      <permittedrole>[scriptid=customrole1129]</permittedrole>
      <restriction></restriction>
    </permission>
    <permission>
      <permittedlevel>VIEW</permittedlevel>
      <permittedrole>[scriptid=customrole1135]</permittedrole>
      <restriction></restriction>
    </permission>
    <permission>
      <permittedlevel>VIEW</permittedlevel>
      <permittedrole>[scriptid=customrole1127]</permittedrole>
      <restriction></restriction>
    </permission>
    <permission>
      <permittedlevel>VIEW</permittedlevel>
      <permittedrole>[scriptid=customrole1128]</permittedrole>
      <restriction></restriction>
    </permission>
    <permission>
      <permittedlevel>EDIT</permittedlevel>
      <permittedrole>[scriptid=customrole1130]</permittedrole>
      <restriction></restriction>
    </permission>
    <permission>
      <permittedlevel>EDIT</permittedlevel>
      <permittedrole>[scriptid=customrole1131]</permittedrole>
      <restriction></restriction>
    </permission>
  </permissions>
  <links>
    <link>
      <linkcategory>BASICLISTSACCOUNTING</linkcategory>
      <linklabel></linklabel>
      <linktasktype>LIST</linktasktype>
    </link>
    <link>
      <linkcategory>BASICLISTSCUSTOM</linkcategory>
      <linklabel></linklabel>
      <linktasktype>LIST</linktasktype>
    </link>
  </links>
</customrecordtype>