<?xml version="1.0"?>
<?mso-application progid="Excel.Sheet"?>
<Workbook xmlns="urn:schemas-microsoft-com:office:spreadsheet"
 xmlns:o="urn:schemas-microsoft-com:office:office"
 xmlns:x="urn:schemas-microsoft-com:office:excel"
 xmlns:ss="urn:schemas-microsoft-com:office:spreadsheet"
 xmlns:html="http://www.w3.org/TR/REC-html40">
 <DocumentProperties xmlns="urn:schemas-microsoft-com:office:office">
  <Created>2023-04-18T01:25:09Z</Created>
  <LastSaved>2023-04-18T01:25:36Z</LastSaved>
  <Version>16.00</Version>
 </DocumentProperties>
 <OfficeDocumentSettings xmlns="urn:schemas-microsoft-com:office:office">
  <AllowPNG/>
  <RemovePersonalInformation/>
 </OfficeDocumentSettings>
 <ExcelWorkbook xmlns="urn:schemas-microsoft-com:office:excel">
  <WindowHeight>12105</WindowHeight>
  <WindowWidth>28800</WindowWidth>
  <WindowTopX>32767</WindowTopX>
  <WindowTopY>32767</WindowTopY>
  <ProtectStructure>False</ProtectStructure>
  <ProtectWindows>False</ProtectWindows>
 </ExcelWorkbook>
 <Styles>
  <Style ss:ID="Default" ss:Name="Normal">
   <Alignment ss:Vertical="Center"/>
   <Borders/>
   <Font ss:FontName="等线" x:CharSet="134" ss:Size="11" ss:Color="#000000"/>
   <Interior/>
   <NumberFormat/>
   <Protection/>
  </Style>
  <Style ss:ID="s16" ss:Name="Normal1">
   <Alignment ss:Vertical="Bottom"/>
   <Borders/>
   <Font ss:FontName="宋体" x:CharSet="134" ss:Size="11" ss:Color="#000000"/>
   <Interior/>
   <NumberFormat/>
   <Protection/>
  </Style>
  <Style ss:ID="m548095504" ss:Parent="s16">
   <Alignment ss:Horizontal="Center" ss:Vertical="Center" ss:WrapText="1"/>
   <Borders>
    <Border ss:Position="Bottom" ss:LineStyle="Continuous" ss:Weight="1"/>
    <Border ss:Position="Left" ss:LineStyle="Continuous" ss:Weight="1"/>
    <Border ss:Position="Right" ss:LineStyle="Continuous" ss:Weight="1"/>
    <Border ss:Position="Top" ss:LineStyle="Continuous" ss:Weight="1"/>
   </Borders>
   <Font ss:FontName="微软雅黑 Light" x:CharSet="134" x:Family="Swiss" ss:Size="12"
    ss:Color="#000000"/>
   <Interior ss:Color="#F2F2F2" ss:Pattern="Solid"/>
  </Style>
  <Style ss:ID="m548095524" ss:Parent="s16">
   <Alignment ss:Horizontal="Left" ss:Vertical="Center" ss:WrapText="1"/>
   <Borders>
    <Border ss:Position="Bottom" ss:LineStyle="Continuous" ss:Weight="1"/>
    <Border ss:Position="Left" ss:LineStyle="Continuous" ss:Weight="1"/>
    <Border ss:Position="Right" ss:LineStyle="Continuous" ss:Weight="1"/>
    <Border ss:Position="Top" ss:LineStyle="Continuous" ss:Weight="1"/>
   </Borders>
   <Font ss:FontName="微软雅黑 Light" x:CharSet="134" x:Family="Swiss" ss:Size="12"
    ss:Color="#000000"/>
  </Style>
  <Style ss:ID="m548095544" ss:Parent="s16">
   <Alignment ss:Horizontal="Left" ss:Vertical="Center" ss:WrapText="1"/>
   <Borders>
    <Border ss:Position="Bottom" ss:LineStyle="Continuous" ss:Weight="1"/>
    <Border ss:Position="Left" ss:LineStyle="Continuous" ss:Weight="1"/>
    <Border ss:Position="Right" ss:LineStyle="Continuous" ss:Weight="1"/>
    <Border ss:Position="Top" ss:LineStyle="Continuous" ss:Weight="1"/>
   </Borders>
   <Font ss:FontName="微软雅黑 Light" x:CharSet="134" x:Family="Swiss" ss:Size="12"
    ss:Color="#000000"/>
  </Style>
  <Style ss:ID="m548095564" ss:Parent="s16">
   <Alignment ss:Horizontal="Left" ss:Vertical="Center" ss:WrapText="1"/>
   <Borders>
    <Border ss:Position="Bottom" ss:LineStyle="Continuous" ss:Weight="1"/>
    <Border ss:Position="Left" ss:LineStyle="Continuous" ss:Weight="1"/>
    <Border ss:Position="Right" ss:LineStyle="Continuous" ss:Weight="1"/>
    <Border ss:Position="Top" ss:LineStyle="Continuous" ss:Weight="1"/>
   </Borders>
   <Font ss:FontName="微软雅黑 Light" x:CharSet="134" x:Family="Swiss" ss:Size="12"
    ss:Color="#000000"/>
  </Style>
  <Style ss:ID="m548094132" ss:Parent="s16">
   <Alignment ss:Horizontal="Left" ss:Vertical="Center" ss:WrapText="1"/>
   <Borders>
    <Border ss:Position="Bottom" ss:LineStyle="Continuous" ss:Weight="1"/>
    <Border ss:Position="Left" ss:LineStyle="Continuous" ss:Weight="1"/>
    <Border ss:Position="Right" ss:LineStyle="Continuous" ss:Weight="1"/>
    <Border ss:Position="Top" ss:LineStyle="Continuous" ss:Weight="1"/>
   </Borders>
   <Font ss:FontName="微软雅黑 Light" x:CharSet="134" x:Family="Swiss" ss:Size="12"
    ss:Color="#000000"/>
  </Style>
  <Style ss:ID="m548094152" ss:Parent="s16">
   <Alignment ss:Horizontal="Left" ss:Vertical="Center" ss:WrapText="1"/>
   <Borders>
    <Border ss:Position="Bottom" ss:LineStyle="Continuous" ss:Weight="1"/>
    <Border ss:Position="Left" ss:LineStyle="Continuous" ss:Weight="1"/>
    <Border ss:Position="Right" ss:LineStyle="Continuous" ss:Weight="1"/>
    <Border ss:Position="Top" ss:LineStyle="Continuous" ss:Weight="1"/>
   </Borders>
   <Font ss:FontName="微软雅黑 Light" x:CharSet="134" x:Family="Swiss" ss:Size="12"
    ss:Color="#000000"/>
  </Style>
  <Style ss:ID="m548094172" ss:Parent="s16">
   <Alignment ss:Horizontal="Center" ss:Vertical="Center" ss:WrapText="1"/>
   <Borders>
    <Border ss:Position="Bottom" ss:LineStyle="Continuous" ss:Weight="1"/>
    <Border ss:Position="Left" ss:LineStyle="Continuous" ss:Weight="1"/>
    <Border ss:Position="Right" ss:LineStyle="Continuous" ss:Weight="1"/>
    <Border ss:Position="Top" ss:LineStyle="Continuous" ss:Weight="1"/>
   </Borders>
   <Font ss:FontName="微软雅黑 Light" x:CharSet="134" x:Family="Swiss" ss:Size="12"
    ss:Color="#000000"/>
   <Interior ss:Color="#F2F2F2" ss:Pattern="Solid"/>
  </Style>
  <Style ss:ID="m548094192" ss:Parent="s16">
   <Alignment ss:Horizontal="Left" ss:Vertical="Center" ss:WrapText="1"/>
   <Borders>
    <Border ss:Position="Bottom" ss:LineStyle="Continuous" ss:Weight="1"/>
    <Border ss:Position="Left" ss:LineStyle="Continuous" ss:Weight="1"/>
    <Border ss:Position="Right" ss:LineStyle="Continuous" ss:Weight="1"/>
    <Border ss:Position="Top" ss:LineStyle="Continuous" ss:Weight="1"/>
   </Borders>
   <Font ss:FontName="微软雅黑 Light" x:CharSet="134" x:Family="Swiss" ss:Size="12"
    ss:Color="#000000"/>
  </Style>
  <Style ss:ID="m548094212" ss:Parent="s16">
   <Alignment ss:Horizontal="Left" ss:Vertical="Center" ss:WrapText="1"/>
   <Borders>
    <Border ss:Position="Bottom" ss:LineStyle="Continuous" ss:Weight="1"/>
    <Border ss:Position="Left" ss:LineStyle="Continuous" ss:Weight="1"/>
    <Border ss:Position="Right" ss:LineStyle="Continuous" ss:Weight="1"/>
    <Border ss:Position="Top" ss:LineStyle="Continuous" ss:Weight="1"/>
   </Borders>
   <Font ss:FontName="微软雅黑 Light" x:CharSet="134" x:Family="Swiss" ss:Size="12"
    ss:Color="#000000"/>
  </Style>
  <Style ss:ID="m548094232" ss:Parent="s16">
   <Alignment ss:Horizontal="Left" ss:Vertical="Center" ss:WrapText="1"/>
   <Borders>
    <Border ss:Position="Bottom" ss:LineStyle="Continuous" ss:Weight="1"/>
    <Border ss:Position="Left" ss:LineStyle="Continuous" ss:Weight="1"/>
    <Border ss:Position="Right" ss:LineStyle="Continuous" ss:Weight="1"/>
    <Border ss:Position="Top" ss:LineStyle="Continuous" ss:Weight="1"/>
   </Borders>
   <Font ss:FontName="微软雅黑 Light" x:CharSet="134" x:Family="Swiss" ss:Size="12"
    ss:Color="#000000"/>
  </Style>
  <Style ss:ID="m548094252" ss:Parent="s16">
   <Alignment ss:Horizontal="Left" ss:Vertical="Center" ss:WrapText="1"/>
   <Borders>
    <Border ss:Position="Bottom" ss:LineStyle="Continuous" ss:Weight="1"/>
    <Border ss:Position="Left" ss:LineStyle="Continuous" ss:Weight="1"/>
    <Border ss:Position="Right" ss:LineStyle="Continuous" ss:Weight="1"/>
    <Border ss:Position="Top" ss:LineStyle="Continuous" ss:Weight="1"/>
   </Borders>
   <Font ss:FontName="微软雅黑 Light" x:CharSet="134" x:Family="Swiss" ss:Size="12"
    ss:Color="#000000"/>
  </Style>
  <Style ss:ID="m548094272" ss:Parent="s16">
   <Alignment ss:Horizontal="Left" ss:Vertical="Center" ss:WrapText="1"/>
   <Borders>
    <Border ss:Position="Bottom" ss:LineStyle="Continuous" ss:Weight="1"/>
    <Border ss:Position="Left" ss:LineStyle="Continuous" ss:Weight="1"/>
    <Border ss:Position="Right" ss:LineStyle="Continuous" ss:Weight="1"/>
    <Border ss:Position="Top" ss:LineStyle="Continuous" ss:Weight="1"/>
   </Borders>
   <Font ss:FontName="微软雅黑 Light" x:CharSet="134" x:Family="Swiss" ss:Size="12"
    ss:Color="#000000"/>
  </Style>
  <Style ss:ID="m548094292" ss:Parent="s16">
   <Alignment ss:Horizontal="Left" ss:Vertical="Center" ss:WrapText="1"/>
   <Borders>
    <Border ss:Position="Bottom" ss:LineStyle="Continuous" ss:Weight="1"/>
    <Border ss:Position="Left" ss:LineStyle="Continuous" ss:Weight="1"/>
    <Border ss:Position="Right" ss:LineStyle="Continuous" ss:Weight="1"/>
    <Border ss:Position="Top" ss:LineStyle="Continuous" ss:Weight="1"/>
   </Borders>
   <Font ss:FontName="微软雅黑 Light" x:CharSet="134" x:Family="Swiss" ss:Size="12"
    ss:Color="#000000"/>
  </Style>
  <Style ss:ID="m548094312" ss:Parent="s16">
   <Alignment ss:Horizontal="Left" ss:Vertical="Center" ss:WrapText="1"/>
   <Borders>
    <Border ss:Position="Bottom" ss:LineStyle="Continuous" ss:Weight="1"/>
    <Border ss:Position="Left" ss:LineStyle="Continuous" ss:Weight="1"/>
    <Border ss:Position="Right" ss:LineStyle="Continuous" ss:Weight="1"/>
    <Border ss:Position="Top" ss:LineStyle="Continuous" ss:Weight="1"/>
   </Borders>
   <Font ss:FontName="微软雅黑 Light" x:CharSet="134" x:Family="Swiss" ss:Size="12"
    ss:Color="#000000"/>
  </Style>
  <Style ss:ID="m548094332" ss:Parent="s16">
   <Alignment ss:Horizontal="Left" ss:Vertical="Center" ss:WrapText="1"/>
   <Borders>
    <Border ss:Position="Bottom" ss:LineStyle="Continuous" ss:Weight="1"/>
    <Border ss:Position="Left" ss:LineStyle="Continuous" ss:Weight="1"/>
    <Border ss:Position="Right" ss:LineStyle="Continuous" ss:Weight="1"/>
    <Border ss:Position="Top" ss:LineStyle="Continuous" ss:Weight="1"/>
   </Borders>
   <Font ss:FontName="微软雅黑 Light" x:CharSet="134" x:Family="Swiss" ss:Size="12"
    ss:Color="#000000"/>
  </Style>
  <Style ss:ID="m548094440" ss:Parent="s16">
   <Alignment ss:Horizontal="Left" ss:Vertical="Center" ss:WrapText="1"/>
   <Borders>
    <Border ss:Position="Bottom" ss:LineStyle="Continuous" ss:Weight="1"/>
    <Border ss:Position="Left" ss:LineStyle="Continuous" ss:Weight="1"/>
    <Border ss:Position="Right" ss:LineStyle="Continuous" ss:Weight="1"/>
    <Border ss:Position="Top" ss:LineStyle="Continuous" ss:Weight="1"/>
   </Borders>
   <Font ss:FontName="微软雅黑 Light" x:CharSet="134" x:Family="Swiss" ss:Size="12"
    ss:Color="#000000"/>
  </Style>
  <Style ss:ID="m548094480" ss:Parent="s16">
   <Alignment ss:Horizontal="Center" ss:Vertical="Center" ss:WrapText="1"/>
   <Borders>
    <Border ss:Position="Bottom" ss:LineStyle="Continuous" ss:Weight="1"/>
    <Border ss:Position="Left" ss:LineStyle="Continuous" ss:Weight="1"/>
    <Border ss:Position="Right" ss:LineStyle="Continuous" ss:Weight="1"/>
    <Border ss:Position="Top" ss:LineStyle="Continuous" ss:Weight="1"/>
   </Borders>
   <Font ss:FontName="微软雅黑 Light" x:CharSet="134" x:Family="Swiss" ss:Size="12"
    ss:Color="#000000"/>
   <Interior ss:Color="#F2F2F2" ss:Pattern="Solid"/>
  </Style>
  <Style ss:ID="m548094600" ss:Parent="s16">
   <Alignment ss:Horizontal="Left" ss:Vertical="Center" ss:WrapText="1"/>
   <Borders>
    <Border ss:Position="Bottom" ss:LineStyle="Continuous" ss:Weight="1"/>
    <Border ss:Position="Left" ss:LineStyle="Continuous" ss:Weight="1"/>
    <Border ss:Position="Right" ss:LineStyle="Continuous" ss:Weight="1"/>
    <Border ss:Position="Top" ss:LineStyle="Continuous" ss:Weight="1"/>
   </Borders>
   <Font ss:FontName="微软雅黑 Light" x:CharSet="134" x:Family="Swiss" ss:Size="12"
    ss:Color="#000000"/>
  </Style>
  <Style ss:ID="m548094620" ss:Parent="s16">
   <Alignment ss:Horizontal="Left" ss:Vertical="Center" ss:WrapText="1"/>
   <Borders>
    <Border ss:Position="Bottom" ss:LineStyle="Continuous" ss:Weight="1"/>
    <Border ss:Position="Left" ss:LineStyle="Continuous" ss:Weight="1"/>
    <Border ss:Position="Right" ss:LineStyle="Continuous" ss:Weight="1"/>
    <Border ss:Position="Top" ss:LineStyle="Continuous" ss:Weight="1"/>
   </Borders>
   <Font ss:FontName="微软雅黑 Light" x:CharSet="134" x:Family="Swiss" ss:Size="12"
    ss:Color="#000000"/>
  </Style>
  <Style ss:ID="m548094640" ss:Parent="s16">
   <Alignment ss:Horizontal="Left" ss:Vertical="Center" ss:WrapText="1"/>
   <Borders>
    <Border ss:Position="Bottom" ss:LineStyle="Continuous" ss:Weight="1"/>
    <Border ss:Position="Left" ss:LineStyle="Continuous" ss:Weight="1"/>
    <Border ss:Position="Right" ss:LineStyle="Continuous" ss:Weight="1"/>
    <Border ss:Position="Top" ss:LineStyle="Continuous" ss:Weight="1"/>
   </Borders>
   <Font ss:FontName="微软雅黑 Light" x:CharSet="134" x:Family="Swiss" ss:Size="12"
    ss:Color="#000000"/>
  </Style>
  <Style ss:ID="m548094660" ss:Parent="s16">
   <Alignment ss:Horizontal="Left" ss:Vertical="Center" ss:WrapText="1"/>
   <Borders>
    <Border ss:Position="Bottom" ss:LineStyle="Continuous" ss:Weight="1"/>
    <Border ss:Position="Left" ss:LineStyle="Continuous" ss:Weight="1"/>
    <Border ss:Position="Right" ss:LineStyle="Continuous" ss:Weight="1"/>
    <Border ss:Position="Top" ss:LineStyle="Continuous" ss:Weight="1"/>
   </Borders>
   <Font ss:FontName="微软雅黑 Light" x:CharSet="134" x:Family="Swiss" ss:Size="12"
    ss:Color="#000000"/>
  </Style>
  <Style ss:ID="m548093784" ss:Parent="s16">
   <Alignment ss:Horizontal="Center" ss:Vertical="Center" ss:WrapText="1"/>
   <Borders>
    <Border ss:Position="Bottom" ss:LineStyle="Continuous" ss:Weight="1"/>
    <Border ss:Position="Left" ss:LineStyle="Continuous" ss:Weight="1"/>
    <Border ss:Position="Right" ss:LineStyle="Continuous" ss:Weight="1"/>
    <Border ss:Position="Top" ss:LineStyle="Continuous" ss:Weight="1"/>
   </Borders>
   <Font ss:FontName="微软雅黑 Light" x:CharSet="134" x:Family="Swiss" ss:Size="12"
    ss:Color="#000000"/>
  </Style>
  <Style ss:ID="m548093804" ss:Parent="s16">
   <Alignment ss:Horizontal="Left" ss:Vertical="Center" ss:WrapText="1"/>
   <Borders>
    <Border ss:Position="Bottom" ss:LineStyle="Continuous" ss:Weight="1"/>
    <Border ss:Position="Left" ss:LineStyle="Continuous" ss:Weight="1"/>
    <Border ss:Position="Top" ss:LineStyle="Continuous" ss:Weight="1"/>
   </Borders>
   <Font ss:FontName="微软雅黑 Light" x:CharSet="134" x:Family="Swiss" ss:Size="12"
    ss:Color="#000000"/>
  </Style>
  <Style ss:ID="m548093824" ss:Parent="s16">
   <Alignment ss:Horizontal="Left" ss:Vertical="Center" ss:WrapText="1"/>
   <Borders>
    <Border ss:Position="Bottom" ss:LineStyle="Continuous" ss:Weight="1"/>
    <Border ss:Position="Left" ss:LineStyle="Continuous" ss:Weight="1"/>
    <Border ss:Position="Right" ss:LineStyle="Continuous" ss:Weight="1"/>
    <Border ss:Position="Top" ss:LineStyle="Continuous" ss:Weight="1"/>
   </Borders>
   <Font ss:FontName="微软雅黑 Light" x:CharSet="134" x:Family="Swiss" ss:Size="12"
    ss:Color="#000000"/>
  </Style>
  <Style ss:ID="m548093844" ss:Parent="s16">
   <Alignment ss:Horizontal="Left" ss:Vertical="Center" ss:WrapText="1"/>
   <Borders>
    <Border ss:Position="Bottom" ss:LineStyle="Continuous" ss:Weight="1"/>
    <Border ss:Position="Left" ss:LineStyle="Continuous" ss:Weight="1"/>
    <Border ss:Position="Right" ss:LineStyle="Continuous" ss:Weight="1"/>
    <Border ss:Position="Top" ss:LineStyle="Continuous" ss:Weight="1"/>
   </Borders>
   <Font ss:FontName="微软雅黑 Light" x:CharSet="134" x:Family="Swiss" ss:Size="12"
    ss:Color="#000000"/>
  </Style>
  <Style ss:ID="m548093864" ss:Parent="s16">
   <Alignment ss:Horizontal="Center" ss:Vertical="Center" ss:WrapText="1"/>
   <Borders>
    <Border ss:Position="Bottom" ss:LineStyle="Continuous" ss:Weight="1"/>
    <Border ss:Position="Left" ss:LineStyle="Continuous" ss:Weight="1"/>
    <Border ss:Position="Right" ss:LineStyle="Continuous" ss:Weight="1"/>
    <Border ss:Position="Top" ss:LineStyle="Continuous" ss:Weight="1"/>
   </Borders>
   <Font ss:FontName="微软雅黑 Light" x:CharSet="134" x:Family="Swiss" ss:Size="12"
    ss:Color="#000000"/>
  </Style>
  <Style ss:ID="m548093944" ss:Parent="s16">
   <Alignment ss:Horizontal="Center" ss:Vertical="Center" ss:WrapText="1"/>
   <Borders>
    <Border ss:Position="Bottom" ss:LineStyle="Continuous" ss:Weight="1"/>
    <Border ss:Position="Left" ss:LineStyle="Continuous" ss:Weight="1"/>
    <Border ss:Position="Right" ss:LineStyle="Continuous" ss:Weight="1"/>
    <Border ss:Position="Top" ss:LineStyle="Continuous" ss:Weight="1"/>
   </Borders>
   <Font ss:FontName="微软雅黑 Light" x:CharSet="134" x:Family="Swiss" ss:Size="12"
    ss:Color="#000000"/>
  </Style>
  <Style ss:ID="m548093964" ss:Parent="s16">
   <Alignment ss:Horizontal="Left" ss:Vertical="Center" ss:WrapText="1"/>
   <Borders>
    <Border ss:Position="Bottom" ss:LineStyle="Continuous" ss:Weight="1"/>
    <Border ss:Position="Left" ss:LineStyle="Continuous" ss:Weight="1"/>
    <Border ss:Position="Right" ss:LineStyle="Continuous" ss:Weight="1"/>
    <Border ss:Position="Top" ss:LineStyle="Continuous" ss:Weight="1"/>
   </Borders>
   <Font ss:FontName="微软雅黑 Light" x:CharSet="134" x:Family="Swiss" ss:Size="12"
    ss:Color="#000000"/>
  </Style>
  <Style ss:ID="m548093984" ss:Parent="s16">
   <Alignment ss:Horizontal="Left" ss:Vertical="Center" ss:WrapText="1"/>
   <Borders>
    <Border ss:Position="Bottom" ss:LineStyle="Continuous" ss:Weight="1"/>
    <Border ss:Position="Left" ss:LineStyle="Continuous" ss:Weight="1"/>
    <Border ss:Position="Right" ss:LineStyle="Continuous" ss:Weight="1"/>
    <Border ss:Position="Top" ss:LineStyle="Continuous" ss:Weight="1"/>
   </Borders>
   <Font ss:FontName="微软雅黑 Light" x:CharSet="134" x:Family="Swiss" ss:Size="12"
    ss:Color="#000000"/>
  </Style>
  <Style ss:ID="m548094004" ss:Parent="s16">
   <Alignment ss:Horizontal="Left" ss:Vertical="Center" ss:WrapText="1"/>
   <Borders>
    <Border ss:Position="Bottom" ss:LineStyle="Continuous" ss:Weight="1"/>
    <Border ss:Position="Left" ss:LineStyle="Continuous" ss:Weight="1"/>
    <Border ss:Position="Right" ss:LineStyle="Continuous" ss:Weight="1"/>
    <Border ss:Position="Top" ss:LineStyle="Continuous" ss:Weight="1"/>
   </Borders>
   <Font ss:FontName="微软雅黑 Light" x:CharSet="134" x:Family="Swiss" ss:Size="12"
    ss:Color="#000000"/>
  </Style>
  <Style ss:ID="m548094024" ss:Parent="s16">
   <Alignment ss:Horizontal="Center" ss:Vertical="Center" ss:WrapText="1"/>
   <Borders>
    <Border ss:Position="Bottom" ss:LineStyle="Continuous" ss:Weight="1"/>
    <Border ss:Position="Left" ss:LineStyle="Continuous" ss:Weight="1"/>
    <Border ss:Position="Right" ss:LineStyle="Continuous" ss:Weight="1"/>
    <Border ss:Position="Top" ss:LineStyle="Continuous" ss:Weight="1"/>
   </Borders>
   <Font ss:FontName="微软雅黑 Light" x:CharSet="134" x:Family="Swiss" ss:Size="12"
    ss:Color="#000000"/>
   <Interior ss:Color="#F2F2F2" ss:Pattern="Solid"/>
  </Style>
  <Style ss:ID="m548094064" ss:Parent="s16">
   <Alignment ss:Vertical="Center" ss:WrapText="1"/>
   <Borders>
    <Border ss:Position="Bottom" ss:LineStyle="Continuous" ss:Weight="1"/>
    <Border ss:Position="Left" ss:LineStyle="Continuous" ss:Weight="1"/>
    <Border ss:Position="Right" ss:LineStyle="Continuous" ss:Weight="1"/>
    <Border ss:Position="Top" ss:LineStyle="Continuous" ss:Weight="1"/>
   </Borders>
   <Font ss:FontName="微软雅黑 Light" x:CharSet="134" x:Family="Swiss" ss:Size="12"
    ss:Color="#000000"/>
  </Style>
  <Style ss:ID="m548095176" ss:Parent="s16">
   <Alignment ss:Vertical="Center" ss:WrapText="1"/>
   <Borders>
    <Border ss:Position="Bottom" ss:LineStyle="Continuous" ss:Weight="1"/>
    <Border ss:Position="Left" ss:LineStyle="Continuous" ss:Weight="1"/>
    <Border ss:Position="Right" ss:LineStyle="Continuous" ss:Weight="1"/>
    <Border ss:Position="Top" ss:LineStyle="Continuous" ss:Weight="1"/>
   </Borders>
   <Font ss:FontName="微软雅黑 Light" x:CharSet="134" x:Family="Swiss" ss:Size="12"
    ss:Color="#000000"/>
  </Style>
  <Style ss:ID="m548095196" ss:Parent="s16">
   <Alignment ss:Horizontal="Left" ss:Vertical="Center" ss:WrapText="1"/>
   <Borders>
    <Border ss:Position="Bottom" ss:LineStyle="Continuous" ss:Weight="1"/>
    <Border ss:Position="Left" ss:LineStyle="Continuous" ss:Weight="1"/>
    <Border ss:Position="Right" ss:LineStyle="Continuous" ss:Weight="1"/>
    <Border ss:Position="Top" ss:LineStyle="Continuous" ss:Weight="1"/>
   </Borders>
   <Font ss:FontName="微软雅黑 Light" x:CharSet="134" x:Family="Swiss" ss:Size="12"
    ss:Color="#000000"/>
  </Style>
  <Style ss:ID="m548095236" ss:Parent="s16">
   <Alignment ss:Horizontal="Center" ss:Vertical="Center" ss:WrapText="1"/>
   <Borders>
    <Border ss:Position="Bottom" ss:LineStyle="Continuous" ss:Weight="1"/>
    <Border ss:Position="Left" ss:LineStyle="Continuous" ss:Weight="1"/>
    <Border ss:Position="Right" ss:LineStyle="Continuous" ss:Weight="1"/>
    <Border ss:Position="Top" ss:LineStyle="Continuous" ss:Weight="1"/>
   </Borders>
   <Font ss:FontName="微软雅黑 Light" x:CharSet="134" x:Family="Swiss" ss:Size="12"
    ss:Color="#000000" ss:Bold="1"/>
  </Style>
  <Style ss:ID="m548095256" ss:Parent="s16">
   <Alignment ss:Horizontal="Center" ss:Vertical="Center" ss:WrapText="1"/>
   <Borders>
    <Border ss:Position="Bottom" ss:LineStyle="Continuous" ss:Weight="1"/>
    <Border ss:Position="Left" ss:LineStyle="Continuous" ss:Weight="1"/>
    <Border ss:Position="Right" ss:LineStyle="Continuous" ss:Weight="1"/>
    <Border ss:Position="Top" ss:LineStyle="Continuous" ss:Weight="1"/>
   </Borders>
   <Font ss:FontName="微软雅黑 Light" x:CharSet="134" x:Family="Swiss" ss:Size="12"
    ss:Color="#000000" ss:Bold="1"/>
  </Style>
  <Style ss:ID="m548095276" ss:Parent="s16">
   <Alignment ss:Horizontal="Center" ss:Vertical="Center" ss:WrapText="1"/>
   <Borders>
    <Border ss:Position="Bottom" ss:LineStyle="Continuous" ss:Weight="1"/>
    <Border ss:Position="Left" ss:LineStyle="Continuous" ss:Weight="1"/>
    <Border ss:Position="Right" ss:LineStyle="Continuous" ss:Weight="1"/>
    <Border ss:Position="Top" ss:LineStyle="Continuous" ss:Weight="1"/>
   </Borders>
   <Font ss:FontName="微软雅黑 Light" x:CharSet="134" x:Family="Swiss" ss:Size="12"
    ss:Color="#000000"/>
  </Style>
  <Style ss:ID="m548095296" ss:Parent="s16">
   <Alignment ss:Horizontal="Center" ss:Vertical="Center" ss:WrapText="1"/>
   <Borders>
    <Border ss:Position="Bottom" ss:LineStyle="Continuous" ss:Weight="1"/>
    <Border ss:Position="Left" ss:LineStyle="Continuous" ss:Weight="1"/>
    <Border ss:Position="Right" ss:LineStyle="Continuous" ss:Weight="1"/>
    <Border ss:Position="Top" ss:LineStyle="Continuous" ss:Weight="1"/>
   </Borders>
   <Font ss:FontName="微软雅黑 Light" x:CharSet="134" x:Family="Swiss" ss:Size="12"
    ss:Color="#000000"/>
  </Style>
  <Style ss:ID="s17" ss:Parent="s16">
   <Alignment ss:Horizontal="Center" ss:Vertical="Center" ss:WrapText="1"/>
   <Borders>
    <Border ss:Position="Bottom" ss:LineStyle="Continuous" ss:Weight="1"/>
    <Border ss:Position="Left" ss:LineStyle="Continuous" ss:Weight="1"/>
    <Border ss:Position="Right" ss:LineStyle="Continuous" ss:Weight="1"/>
    <Border ss:Position="Top" ss:LineStyle="Continuous" ss:Weight="1"/>
   </Borders>
   <Font ss:FontName="微软雅黑 Light" x:CharSet="134" x:Family="Swiss" ss:Size="12"
    ss:Color="#000000" ss:Bold="1"/>
  </Style>
  <Style ss:ID="s18" ss:Parent="s16">
   <Alignment ss:Horizontal="Center" ss:Vertical="Center" ss:WrapText="1"/>
   <Borders>
    <Border ss:Position="Bottom" ss:LineStyle="Continuous" ss:Weight="1"/>
    <Border ss:Position="Left" ss:LineStyle="Continuous" ss:Weight="1"/>
    <Border ss:Position="Top" ss:LineStyle="Continuous" ss:Weight="1"/>
   </Borders>
   <Font ss:FontName="微软雅黑 Light" x:CharSet="134" x:Family="Swiss" ss:Size="12"
    ss:Color="#000000" ss:Bold="1"/>
  </Style>
  <Style ss:ID="s19" ss:Parent="s16">
   <Alignment ss:Horizontal="Center" ss:Vertical="Center" ss:WrapText="1"/>
   <Borders>
    <Border ss:Position="Bottom" ss:LineStyle="Continuous" ss:Weight="1"/>
    <Border ss:Position="Left" ss:LineStyle="Continuous" ss:Weight="1"/>
    <Border ss:Position="Right" ss:LineStyle="Continuous" ss:Weight="1"/>
    <Border ss:Position="Top" ss:LineStyle="Continuous" ss:Weight="1"/>
   </Borders>
   <Font ss:FontName="微软雅黑 Light" x:CharSet="134" x:Family="Swiss" ss:Size="12"
    ss:Color="#000000"/>
  </Style>
  <Style ss:ID="s20" ss:Parent="s16">
   <Alignment ss:Horizontal="Left" ss:Vertical="Center" ss:WrapText="1"/>
   <Borders>
    <Border ss:Position="Bottom" ss:LineStyle="Continuous" ss:Weight="1"/>
    <Border ss:Position="Left" ss:LineStyle="Continuous" ss:Weight="1"/>
    <Border ss:Position="Top" ss:LineStyle="Continuous" ss:Weight="1"/>
   </Borders>
   <Font ss:FontName="微软雅黑 Light" x:CharSet="134" x:Family="Swiss" ss:Size="12"
    ss:Color="#000000"/>
  </Style>
  <Style ss:ID="s21" ss:Parent="s16">
   <Alignment ss:Vertical="Center" ss:WrapText="1"/>
   <Borders>
    <Border ss:Position="Bottom" ss:LineStyle="Continuous" ss:Weight="1"/>
    <Border ss:Position="Right" ss:LineStyle="Continuous" ss:Weight="1"/>
    <Border ss:Position="Top" ss:LineStyle="Continuous" ss:Weight="1"/>
   </Borders>
   <Font ss:FontName="微软雅黑 Light" x:CharSet="134" x:Family="Swiss" ss:Size="12"
    ss:Color="#000000"/>
  </Style>
  <Style ss:ID="s22" ss:Parent="s16">
   <Alignment ss:Vertical="Center" ss:WrapText="1"/>
   <Borders>
    <Border ss:Position="Bottom" ss:LineStyle="Continuous" ss:Weight="1"/>
    <Border ss:Position="Left" ss:LineStyle="Continuous" ss:Weight="1"/>
    <Border ss:Position="Right" ss:LineStyle="Continuous" ss:Weight="1"/>
    <Border ss:Position="Top" ss:LineStyle="Continuous" ss:Weight="1"/>
   </Borders>
   <Font ss:FontName="微软雅黑 Light" x:CharSet="134" x:Family="Swiss" ss:Size="12"
    ss:Color="#000000"/>
  </Style>
  <Style ss:ID="s23" ss:Parent="s16">
   <Alignment ss:Vertical="Center" ss:WrapText="1"/>
   <Borders>
    <Border ss:Position="Bottom" ss:LineStyle="Continuous" ss:Weight="1"/>
    <Border ss:Position="Right" ss:LineStyle="Continuous" ss:Weight="1"/>
    <Border ss:Position="Top" ss:LineStyle="Continuous" ss:Weight="1"/>
   </Borders>
   <Font ss:FontName="微软雅黑 Light" x:CharSet="134" x:Family="Swiss" ss:Size="12"
    ss:Color="#000000" ss:Bold="1"/>
  </Style>
  <Style ss:ID="s24" ss:Parent="s16">
   <Alignment ss:Horizontal="Left" ss:Vertical="Center" ss:WrapText="1"/>
   <Borders>
    <Border ss:Position="Bottom" ss:LineStyle="Continuous" ss:Weight="1"/>
    <Border ss:Position="Left" ss:LineStyle="Continuous" ss:Weight="1"/>
    <Border ss:Position="Right" ss:LineStyle="Continuous" ss:Weight="1"/>
    <Border ss:Position="Top" ss:LineStyle="Continuous" ss:Weight="1"/>
   </Borders>
   <Font ss:FontName="微软雅黑 Light" x:CharSet="134" x:Family="Swiss" ss:Size="12"
    ss:Color="#000000"/>
  </Style>
  <Style ss:ID="s25" ss:Parent="s16">
   <Alignment ss:Horizontal="Center" ss:Vertical="Center" ss:WrapText="1"/>
   <Borders>
    <Border ss:Position="Bottom" ss:LineStyle="Continuous" ss:Weight="1"/>
    <Border ss:Position="Left" ss:LineStyle="Continuous" ss:Weight="1"/>
    <Border ss:Position="Right" ss:LineStyle="Continuous" ss:Weight="1"/>
    <Border ss:Position="Top" ss:LineStyle="Continuous" ss:Weight="1"/>
   </Borders>
   <Font ss:FontName="微软雅黑 Light" x:CharSet="134" x:Family="Swiss" ss:Size="12"
    ss:Color="#000000"/>
   <NumberFormat ss:Format="Fixed"/>
  </Style>
  <Style ss:ID="s26" ss:Parent="s16">
   <Alignment ss:Horizontal="Center" ss:Vertical="Center" ss:WrapText="1"/>
   <Borders>
    <Border ss:Position="Left" ss:LineStyle="Continuous" ss:Weight="1"/>
    <Border ss:Position="Right" ss:LineStyle="Continuous" ss:Weight="1"/>
    <Border ss:Position="Top" ss:LineStyle="Continuous" ss:Weight="1"/>
   </Borders>
   <Font ss:FontName="微软雅黑 Light" x:CharSet="134" x:Family="Swiss" ss:Size="12"
    ss:Color="#000000"/>
  </Style>
  <Style ss:ID="s27" ss:Parent="s16">
   <Alignment ss:Vertical="Center"/>
   <Borders>
    <Border ss:Position="Bottom" ss:LineStyle="Continuous" ss:Weight="1"/>
    <Border ss:Position="Left" ss:LineStyle="Continuous" ss:Weight="1"/>
    <Border ss:Position="Top" ss:LineStyle="Continuous" ss:Weight="1"/>
   </Borders>
   <Font ss:FontName="微软雅黑 Light" x:CharSet="134" x:Family="Swiss" ss:Size="12"
    ss:Color="#000000"/>
  </Style>
  <Style ss:ID="s28" ss:Parent="s16">
   <Alignment ss:Horizontal="Left" ss:Vertical="Center" ss:WrapText="1"/>
   <Borders>
    <Border ss:Position="Bottom" ss:LineStyle="Continuous" ss:Weight="1"/>
    <Border ss:Position="Left" ss:LineStyle="Continuous" ss:Weight="1"/>
    <Border ss:Position="Top" ss:LineStyle="Continuous" ss:Weight="1"/>
   </Borders>
   <Font ss:FontName="微软雅黑 Light" x:CharSet="134" x:Family="Swiss" ss:Size="12"/>
  </Style>
  <Style ss:ID="s49" ss:Parent="s16">
   <Alignment ss:Horizontal="Center" ss:Vertical="Center" ss:WrapText="1"/>
   <Borders>
    <Border ss:Position="Bottom" ss:LineStyle="Continuous" ss:Weight="1"/>
    <Border ss:Position="Left" ss:LineStyle="Continuous" ss:Weight="1"/>
    <Border ss:Position="Right" ss:LineStyle="Continuous" ss:Weight="1"/>
    <Border ss:Position="Top" ss:LineStyle="Continuous" ss:Weight="1"/>
   </Borders>
   <Font ss:FontName="微软雅黑 Light" x:CharSet="134" x:Family="Swiss" ss:Size="14"
    ss:Color="#000000" ss:Bold="1"/>
  </Style>
  <Style ss:ID="s51" ss:Parent="s16">
   <Alignment ss:Horizontal="Left" ss:Vertical="Center" ss:WrapText="1"/>
   <Borders>
    <Border ss:Position="Bottom" ss:LineStyle="Continuous" ss:Weight="1"/>
    <Border ss:Position="Left" ss:LineStyle="Continuous" ss:Weight="1"/>
    <Border ss:Position="Right" ss:LineStyle="Continuous" ss:Weight="1"/>
    <Border ss:Position="Top" ss:LineStyle="Continuous" ss:Weight="1"/>
   </Borders>
   <Font ss:FontName="微软雅黑 Light" x:CharSet="134" x:Family="Swiss" ss:Size="12"
    ss:Color="#000000" ss:Bold="1"/>
  </Style>
  <Style ss:ID="s58" ss:Parent="s16">
   <Alignment ss:Vertical="Center"/>
   <Borders>
    <Border ss:Position="Bottom" ss:LineStyle="Continuous" ss:Weight="1"/>
    <Border ss:Position="Left" ss:LineStyle="Continuous" ss:Weight="1"/>
    <Border ss:Position="Right" ss:LineStyle="Continuous" ss:Weight="1"/>
    <Border ss:Position="Top" ss:LineStyle="Continuous" ss:Weight="1"/>
   </Borders>
   <Font ss:FontName="微软雅黑 Light" x:CharSet="134" x:Family="Swiss" ss:Size="12"
    ss:Color="#000000"/>
  </Style>
 </Styles>
 <Worksheet ss:Name="Sheet1">
  <Table x:FullColumns="1"
   x:FullRows="1" ss:DefaultColumnWidth="54" ss:DefaultRowHeight="14.25">
   <Column ss:AutoFitWidth="0" ss:Width="65.25"/>
   <Column ss:AutoFitWidth="0" ss:Width="99.75"/>
   <Column ss:AutoFitWidth="0" ss:Width="67.5"/>
   <Column ss:AutoFitWidth="0" ss:Width="72.75"/>
   <Column ss:AutoFitWidth="0" ss:Width="66.75" ss:Span="1"/>
   <Column ss:Index="7" ss:Hidden="1" ss:AutoFitWidth="0"/>
   <Column ss:AutoFitWidth="0" ss:Width="0.75"/>
   <Column ss:AutoFitWidth="0" ss:Width="66"/>
   <Row ss:Height="20.25">
    <Cell ss:MergeAcross="8" ss:StyleID="s49"><Data ss:Type="String">${data.spno}订单要求</Data></Cell>
   </Row>
   <Row ss:Height="17.25">
    <Cell ss:StyleID="s17"><Data ss:Type="String">序号</Data></Cell>
    <Cell ss:StyleID="s18"><Data ss:Type="String">项目</Data></Cell>
    <Cell ss:MergeAcross="6" ss:StyleID="s51"><Data ss:Type="String">内容</Data></Cell>
   </Row>
   <Row ss:Height="17.25">
    <Cell ss:MergeDown="1" ss:StyleID="s19"><Data ss:Type="Number">1</Data></Cell>
    <Cell ss:StyleID="s20"><Data ss:Type="String">关联发票号</Data></Cell>
    <Cell ss:MergeAcross="1" ss:StyleID="m548095176"><Data ss:Type="String">${data.reference_order}</Data></Cell>
    <Cell ss:StyleID="s22"><Data ss:Type="String">PONO</Data></Cell>
    <Cell ss:MergeAcross="3" ss:StyleID="m548095196"><Data ss:Type="String">${data.po_no}</Data></Cell>
   </Row>
   <Row ss:Height="17.25">
    <Cell ss:Index="2" ss:StyleID="s20"><Data ss:Type="String">是否可发</Data></Cell>
    <Cell ss:MergeAcross="6" ss:StyleID="s58"><Data ss:Type="String">${data.is_deliver_text}</Data></Cell>
   </Row>
   <Row ss:Height="17.25">
    <Cell ss:StyleID="s17"><Data ss:Type="String">商品名称</Data></Cell>
    <Cell ss:StyleID="s23"><Data ss:Type="String">货物描述</Data></Cell>
    <Cell ss:StyleID="s17"><Data ss:Type="String">商品数量</Data></Cell>
    <Cell ss:StyleID="s17"><Data ss:Type="String">包装名称</Data></Cell>
    <Cell ss:StyleID="s17"><Data ss:Type="String">包装自重</Data></Cell>
    <Cell ss:MergeAcross="1" ss:StyleID="m548095236"><Data ss:Type="String">打托缠膜</Data></Cell>
    <Cell ss:MergeAcross="1" ss:StyleID="m548095256"><Data ss:Type="String">HSCODE</Data></Cell>
   </Row>
   <#list data.list as line>
   <Row ss:Height="51.75">
    <Cell ss:StyleID="s22"><Data ss:Type="String">${line.goods_name}</Data></Cell>
    <Cell ss:StyleID="s21"><Data ss:Type="String">${line.goods_description}</Data></Cell>
    <Cell ss:StyleID="s24"><Data ss:Type="String">${line.goods_account}</Data></Cell>
    <Cell ss:StyleID="s25"><Data ss:Type="String">${line.package_name}</Data></Cell>
    <Cell ss:StyleID="s25"><Data ss:Type="String">${line.package_label}</Data></Cell>
    <Cell ss:MergeAcross="1" ss:StyleID="m548095276"><Data ss:Type="String">${line.pallet_wrap}</Data></Cell>
    <Cell ss:MergeAcross="1" ss:StyleID="m548095296"><Data ss:Type="String">${line.hscode}</Data></Cell>
   </Row>
   </#list>
   <Row ss:Height="17.25">
    <Cell ss:StyleID="s19"><Data ss:Type="Number">2</Data></Cell>
    <Cell ss:StyleID="s20"><Data ss:Type="String">出口公司</Data></Cell>
    <Cell ss:MergeAcross="6" ss:StyleID="s19"><Data ss:Type="String">${data.seller_comopany}</Data></Cell>
   </Row>
   <Row ss:Height="17.25">
    <Cell ss:StyleID="s19"><Data ss:Type="Number">3</Data></Cell>
    <Cell ss:StyleID="s20"><Data ss:Type="String">起运港</Data></Cell>
    <Cell ss:MergeAcross="6" ss:StyleID="s19"><Data ss:Type="String">${data.start_port_text}</Data></Cell>
   </Row>
   <Row ss:Height="17.25">
    <Cell ss:StyleID="s19"><Data ss:Type="Number">4</Data></Cell>
    <Cell ss:StyleID="s20"><Data ss:Type="String">目的国</Data></Cell>
    <Cell ss:MergeAcross="6" ss:StyleID="m548093864"><Data ss:Type="String">${data.export_country_text}</Data></Cell>
   </Row>
   <Row ss:Height="17.25">
    <Cell ss:StyleID="s19"><Data ss:Type="Number">5</Data></Cell>
    <Cell ss:StyleID="s20"><Data ss:Type="String">贸易方式</Data></Cell>
    <Cell ss:MergeAcross="6" ss:StyleID="s19"><Data ss:Type="String">${data.trade_trem_text}</Data></Cell>
   </Row>
   <Row ss:Height="17.25">
    <Cell ss:StyleID="s19"><Data ss:Type="Number">6</Data></Cell>
    <Cell ss:StyleID="s20"><Data ss:Type="String">目的港</Data></Cell>
    <Cell ss:MergeAcross="6" ss:StyleID="s19"><Data ss:Type="String">${data.discharging_port_text}</Data></Cell>
   </Row>
   <Row ss:Height="34.5">
    <Cell ss:StyleID="s19"><Data ss:Type="Number">7</Data></Cell>
    <Cell ss:StyleID="s20"><Data ss:Type="String">箱型箱量</Data></Cell>
    <Cell ss:MergeAcross="6" ss:StyleID="s19"><Data ss:Type="String">${data.total_cabinet}</Data></Cell>
   </Row>
   <Row ss:Height="17.25">
    <Cell ss:StyleID="s19"><Data ss:Type="Number">8</Data></Cell>
    <Cell ss:StyleID="s20"><Data ss:Type="String">运输方式</Data></Cell>
    <Cell ss:MergeAcross="6" ss:StyleID="m548093944"><Data ss:Type="String">${data.transport_text}</Data></Cell>
   </Row>
   <Row ss:Height="17.25">
    <Cell ss:StyleID="s19"><Data ss:Type="Number">9</Data></Cell>
    <Cell ss:StyleID="s20"><Data ss:Type="String">检验类型</Data></Cell>
    <Cell ss:MergeAcross="6" ss:StyleID="m548093964"><Data ss:Type="String">${data.inspect_text}</Data></Cell>
   </Row>
   <Row ss:Height="17.25">
    <Cell ss:StyleID="s19"><Data ss:Type="Number">10</Data></Cell>
    <Cell ss:StyleID="s20"><Data ss:Type="String">是否拍照</Data></Cell>
    <Cell ss:MergeAcross="6" ss:StyleID="m548093984"><Data ss:Type="String">${data.is_photograph_text}</Data></Cell>
   </Row>
   <Row ss:Height="17.25">
    <Cell ss:StyleID="s19"><Data ss:Type="Number">11</Data></Cell>
    <Cell ss:StyleID="s20"><Data ss:Type="String">拍照要求</Data></Cell>
    <Cell ss:MergeAcross="6" ss:StyleID="m548094004"><Data ss:Type="String">${data.photograph_demand}</Data></Cell>
   </Row>
   <Row ss:Height="17.25">
    <Cell ss:MergeAcross="8" ss:StyleID="m548094024"><Data ss:Type="String">采购要求</Data></Cell>
   </Row>
   <Row ss:Height="17.25">
    <Cell ss:StyleID="s19"><Data ss:Type="Number">12</Data></Cell>
    <Cell ss:StyleID="s20"><Data ss:Type="String">指定工厂</Data></Cell>
    <Cell ss:MergeAcross="6" ss:StyleID="s24"><Data ss:Type="String">${data.factory_name}</Data></Cell>
   </Row>
   <Row ss:Height="34.5">
    <Cell ss:StyleID="s19"><Data ss:Type="Number">13</Data></Cell>
    <Cell ss:StyleID="s20"><Data ss:Type="String">${data.remark}</Data></Cell>
    <Cell ss:MergeAcross="6" ss:StyleID="m548094064"><Data ss:Type="String">${data.not_neutral_remark}</Data></Cell>
   </Row>
   <Row ss:Height="17.25">
    <Cell ss:MergeDown="1" ss:StyleID="m548093784"><Data ss:Type="Number">14</Data></Cell>
    <Cell ss:MergeDown="1" ss:StyleID="m548093804"><Data ss:Type="String">供应商单据</Data></Cell>
    <Cell ss:MergeAcross="6" ss:StyleID="m548093824"><Data ss:Type="String">${data.supplier_text}</Data></Cell>
   </Row>
   <Row ss:Height="34.5">
    <Cell ss:Index="3" ss:MergeAcross="6" ss:StyleID="m548093844"><Data
      ss:Type="String">${data.consignor_text}</Data></Cell>
   </Row>
   <Row ss:Height="17.25">
    <Cell ss:StyleID="s19"><Data ss:Type="Number">15</Data></Cell>
    <Cell ss:StyleID="s20"><Data ss:Type="String">其他要求</Data></Cell>
    <Cell ss:MergeAcross="6" ss:StyleID="s24"><Data ss:Type="String">${data.notice_purchase_demand}</Data></Cell>
   </Row>
   <Row ss:Height="17.25">
    <Cell ss:MergeAcross="8" ss:StyleID="m548094480"><Data ss:Type="String">船公司要求</Data></Cell>
   </Row>
   <Row ss:AutoFitHeight="0" ss:Height="80">
    <Cell ss:StyleID="s19"><Data ss:Type="Number">16</Data></Cell>
    <Cell ss:StyleID="s20"><Data ss:Type="String">提单发货人</Data></Cell>
    <Cell ss:MergeAcross="6" ss:StyleID="s24"><Data ss:Type="String">${data.sender}</Data></Cell>
   </Row>
   <Row ss:AutoFitHeight="0" ss:Height="80">
    <Cell ss:StyleID="s19"><Data ss:Type="Number">17</Data></Cell>
    <Cell ss:StyleID="s20"><Data ss:Type="String">提单收货人</Data></Cell>
    <Cell ss:MergeAcross="6" ss:StyleID="s24"><Data ss:Type="String">${data.recevier}</Data></Cell>
   </Row>
   <Row ss:AutoFitHeight="0" ss:Height="80">
    <Cell ss:StyleID="s19"><Data ss:Type="Number">18</Data></Cell>
    <Cell ss:StyleID="s20"><Data ss:Type="String">提单通知人</Data></Cell>
    <Cell ss:MergeAcross="6" ss:StyleID="s24"><Data ss:Type="String">${data.noticer}</Data></Cell>
   </Row>
   <Row ss:AutoFitHeight="0" ss:Height="60">
    <Cell ss:StyleID="s19"><Data ss:Type="Number">19</Data></Cell>
    <Cell ss:StyleID="s27"><Data ss:Type="String">提单上唛头</Data></Cell>
    <Cell ss:MergeAcross="6" ss:StyleID="s24"><Data ss:Type="String">${data.mark}</Data></Cell>
   </Row>
   <Row ss:AutoFitHeight="0" ss:Height="100">
    <Cell ss:StyleID="s19"><Data ss:Type="Number">20</Data></Cell>
    <Cell ss:StyleID="s28"><Data ss:Type="String">提单要求</Data></Cell>
    <Cell ss:MergeAcross="6" ss:StyleID="s24"><Data ss:Type="String">${data.document_require}</Data></Cell>
   </Row>
   <Row ss:AutoFitHeight="0" ss:Height="59.25">
    <Cell ss:StyleID="s19"><Data ss:Type="Number">21</Data></Cell>
    <Cell ss:StyleID="s28"><Data ss:Type="String">船期要求</Data></Cell>
    <Cell ss:MergeAcross="6" ss:StyleID="m548094600"><Data ss:Type="String">${data.ship_date}</Data></Cell>
   </Row>
   <Row ss:AutoFitHeight="0" ss:Height="43.5">
    <Cell ss:StyleID="s19"><Data ss:Type="Number">22</Data></Cell>
    <Cell ss:StyleID="s28"><Data ss:Type="String">运输路线</Data></Cell>
    <Cell ss:MergeAcross="6" ss:StyleID="m548094620"><Data ss:Type="String">${data.trans_shipment_text}</Data></Cell>
   </Row>
   <Row ss:AutoFitHeight="0" ss:Height="53.25">
    <Cell ss:StyleID="s19"><Data ss:Type="Number">23</Data></Cell>
    <Cell ss:StyleID="s28"><Data ss:Type="String">目的港码头要求</Data></Cell>
    <Cell ss:MergeAcross="6" ss:StyleID="m548094640"><Data ss:Type="String">${data.terminal_requirement}</Data></Cell>
   </Row>
   <Row ss:AutoFitHeight="0" ss:Height="39">
    <Cell ss:StyleID="s19"><Data ss:Type="Number">24</Data></Cell>
    <Cell ss:StyleID="s28"><Data ss:Type="String">船证明</Data></Cell>
    <Cell ss:MergeAcross="6" ss:StyleID="m548094660"><Data ss:Type="String">${data.ship_card_text}</Data></Cell>
   </Row>
   <Row ss:AutoFitHeight="0" ss:Height="45">
    <Cell ss:StyleID="s19"><Data ss:Type="Number">25</Data></Cell>
    <Cell ss:StyleID="s28"><Data ss:Type="String">免箱使使用时间</Data></Cell>
    <Cell ss:MergeAcross="6" ss:StyleID="m548094440"><Data ss:Type="String">${data.free_box} ${data.free_box_comment}</Data></Cell>
   </Row>
   <Row ss:AutoFitHeight="0" ss:Height="40.5">
    <Cell ss:StyleID="s19"><Data ss:Type="Number">26</Data></Cell>
    <Cell ss:StyleID="s28"><Data ss:Type="String">指定货代</Data></Cell>
    <Cell ss:MergeAcross="6" ss:StyleID="m548094132"><Data ss:Type="String">${data.appoint_forwarder}</Data></Cell>
   </Row>
   <Row ss:AutoFitHeight="0" ss:Height="48">
    <Cell ss:StyleID="s19"><Data ss:Type="Number">27</Data></Cell>
    <Cell ss:StyleID="s28"><Data ss:Type="String">船公司其他要求</Data></Cell>
    <Cell ss:MergeAcross="6" ss:StyleID="m548094152"><Data ss:Type="String">${data.ship_company_demand}</Data></Cell>
   </Row>
   <Row ss:Height="17.25">
    <Cell ss:MergeAcross="8" ss:StyleID="m548094172"><Data ss:Type="String">单据要求</Data></Cell>
   </Row>
   <Row ss:Height="27.25">
    <Cell ss:StyleID="s26"><Data ss:Type="Number">28</Data></Cell>
    <Cell ss:StyleID="s28"><Data ss:Type="String">Invoice</Data></Cell>
    <Cell ss:MergeAcross="6" ss:StyleID="m548094192"><Data ss:Type="String">${data.extra_text1}</Data></Cell>
   </Row>
   <Row ss:Height="27.25">
    <Cell ss:StyleID="s26"><Data ss:Type="Number">29</Data></Cell>
    <Cell ss:StyleID="s28"><Data ss:Type="String">COA（原厂）</Data></Cell>
    <Cell ss:MergeAcross="6" ss:StyleID="m548094212"><Data ss:Type="String">${data.extra_text2}</Data></Cell>
   </Row>
   <Row ss:Height="27.25">
    <Cell ss:StyleID="s26"><Data ss:Type="Number">30</Data></Cell>
    <Cell ss:StyleID="s28"><Data ss:Type="String">COA（我司）</Data></Cell>
    <Cell ss:MergeAcross="6" ss:StyleID="m548094232"><Data ss:Type="String">${data.extra_text7}</Data></Cell>
   </Row>
   <Row ss:Height="27.25">
    <Cell ss:StyleID="s26"><Data ss:Type="Number">31</Data></Cell>
    <Cell ss:StyleID="s28"><Data ss:Type="String">MSDS</Data></Cell>
    <Cell ss:MergeAcross="6" ss:StyleID="m548094252"><Data ss:Type="String">${data.extra_text3}</Data></Cell>
   </Row>
   <Row ss:Height="27.25">
    <Cell ss:StyleID="s26"><Data ss:Type="Number">32</Data></Cell>
    <Cell ss:StyleID="s28"><Data ss:Type="String">Packing List</Data></Cell>
    <Cell ss:MergeAcross="6" ss:StyleID="m548094272"><Data ss:Type="String">${data.extra_text4}</Data></Cell>
   </Row>
   <Row ss:Height="34.5">
    <Cell ss:StyleID="s19"><Data ss:Type="Number">33</Data></Cell>
    <Cell ss:StyleID="s28"><Data ss:Type="String">Insurance of policy</Data></Cell>
    <Cell ss:MergeAcross="6" ss:StyleID="m548094292"><Data ss:Type="String">${data.extra_text5}</Data></Cell>
   </Row>
   <Row ss:Height="27.25">
    <Cell ss:StyleID="s19"><Data ss:Type="Number">34</Data></Cell>
    <Cell ss:StyleID="s28"><Data ss:Type="String">产地证</Data></Cell>
    <Cell ss:MergeAcross="6" ss:StyleID="m548094312"><Data ss:Type="String">${data.extra_text6}</Data></Cell>
   </Row>
   <Row ss:Height="27.25">
    <Cell ss:StyleID="s19"><Data ss:Type="Number">35</Data></Cell>
    <Cell ss:StyleID="s28"><Data ss:Type="String">健康证</Data></Cell>
    <Cell ss:MergeAcross="6" ss:StyleID="m548094332"><Data ss:Type="String">${data.extra_text10}</Data></Cell>
   </Row>
   <Row ss:Height="50">
    <Cell ss:StyleID="s19"><Data ss:Type="Number">36</Data></Cell>
    <Cell ss:StyleID="s20"><Data ss:Type="String">单据要求</Data></Cell>
    <Cell ss:MergeAcross="6" ss:StyleID="s24"><Data ss:Type="String">${data.bill_demand}</Data></Cell>
   </Row>
   <Row ss:Height="170">
    <Cell ss:StyleID="s19"><Data ss:Type="Number">37</Data></Cell>
    <Cell ss:StyleID="s20"><Data ss:Type="String">交单地址</Data></Cell>
    <Cell ss:MergeAcross="6" ss:StyleID="s24"><Data ss:Type="String">${data.document_detail}</Data></Cell>
   </Row>
   <Row ss:Height="17.25">
    <Cell ss:MergeAcross="8" ss:StyleID="m548095504"><Data ss:Type="String">风险管理</Data></Cell>
   </Row>
   <Row ss:Height="34.5">
    <Cell ss:StyleID="s19"><Data ss:Type="Number">38</Data></Cell>
    <Cell ss:StyleID="s28"><Data ss:Type="String">预付款/信用证到达日</Data></Cell>
    <Cell ss:MergeAcross="6" ss:StyleID="m548095524"><Data ss:Type="String">${data.lc_arrive_date}</Data></Cell>
   </Row>
   <Row ss:Height="17.25">
    <Cell ss:StyleID="s19"><Data ss:Type="Number">39</Data></Cell>
    <Cell ss:StyleID="s28"><Data ss:Type="String">LC NO:</Data></Cell>
    <Cell ss:MergeAcross="6" ss:StyleID="m548095544"><Data ss:Type="String">${data.lc_no}</Data></Cell>
   </Row>
   <Row ss:Height="17.25">
    <Cell ss:StyleID="s19"><Data ss:Type="Number">40</Data></Cell>
    <Cell ss:StyleID="s28"><Data ss:Type="String">买方代码</Data></Cell>
    <Cell ss:MergeAcross="6" ss:StyleID="m548095564"><Data ss:Type="String">${data.buyer_no}</Data></Cell>
   </Row>
   <Row ss:Height="17.25">
    <Cell ss:StyleID="s19"><Data ss:Type="Number">41</Data></Cell>
    <Cell ss:StyleID="s20"><Data ss:Type="String">尾款支付方式</Data></Cell>
    <Cell ss:MergeAcross="6" ss:StyleID="s24"><Data ss:Type="String">${data.letter_credit_flag_text}</Data></Cell>
   </Row>
   <Row ss:Height="17.25">
    <Cell ss:StyleID="s19"><Data ss:Type="Number">42</Data></Cell>
    <Cell ss:StyleID="s20"><Data ss:Type="String">是否投中信保</Data></Cell>
    <Cell ss:MergeAcross="6" ss:StyleID="s24"><Data ss:Type="String">${data.credit_flag_text}</Data></Cell>
   </Row>
   <Row ss:Height="17.25">
    <Cell ss:StyleID="s19"><Data ss:Type="Number">43</Data></Cell>
    <Cell ss:StyleID="s20"><Data ss:Type="String">备注</Data></Cell>
    <Cell ss:MergeAcross="6" ss:StyleID="s24"><Data ss:Type="String">${data.note}</Data></Cell>
   </Row>
  </Table>
  <WorksheetOptions xmlns="urn:schemas-microsoft-com:office:excel">
   <PageSetup>
    <Header x:Margin="0.3"/>
    <Footer x:Margin="0.3"/>
    <PageMargins x:Bottom="0.75" x:Left="0.7" x:Right="0.7" x:Top="0.75"/>
   </PageSetup>
   <Print>
    <ValidPrinterInfo/>
    <PaperSizeIndex>9</PaperSizeIndex>
    <HorizontalResolution>600</HorizontalResolution>
    <VerticalResolution>600</VerticalResolution>
   </Print>
   <Selected/>
   <Panes>
    <Pane>
     <Number>3</Number>
     <ActiveRow>13</ActiveRow>
     <ActiveCol>9</ActiveCol>
    </Pane>
   </Panes>
   <ProtectObjects>False</ProtectObjects>
   <ProtectScenarios>False</ProtectScenarios>
  </WorksheetOptions>
  <DataValidation xmlns="urn:schemas-microsoft-com:office:excel">
   <Range>R19C3:R21C3</Range>
  </DataValidation>
 </Worksheet>
</Workbook>
