<?xml version="1.0"?><!DOCTYPE pdf PUBLIC "-//big.faceless.org//report" "report-1.1.dtd">
<pdf>
<head>
	<link name="NotoSans" type="font" subtype="truetype" src="${nsfont.NotoSans_Regular}" src-bold="${nsfont.NotoSans_Bold}" src-italic="${nsfont.NotoSans_Italic}" src-bolditalic="${nsfont.NotoSans_BoldItalic}" bytes="2" />
	<#if .locale == "zh_CN">
		<link name="NotoSansCJKsc" type="font" subtype="opentype" src="${nsfont.NotoSansCJKsc_Regular}" src-bold="${nsfont.NotoSansCJKsc_Bold}" bytes="2" />
	<#elseif .locale == "zh_TW">
		<link name="NotoSansCJKtc" type="font" subtype="opentype" src="${nsfont.NotoSansCJKtc_Regular}" src-bold="${nsfont.NotoSansCJKtc_Bold}" bytes="2" />
	<#elseif .locale == "ja_JP">
		<link name="NotoSansCJKjp" type="font" subtype="opentype" src="${nsfont.NotoSansCJKjp_Regular}" src-bold="${nsfont.NotoSansCJKjp_Bold}" bytes="2" />
	<#elseif .locale == "ko_KR">
		<link name="NotoSansCJKkr" type="font" subtype="opentype" src="${nsfont.NotoSansCJKkr_Regular}" src-bold="${nsfont.NotoSansCJKkr_Bold}" bytes="2" />
	<#elseif .locale == "th_TH">
		<link name="NotoSansThai" type="font" subtype="opentype" src="${nsfont.NotoSansThai_Regular}" src-bold="${nsfont.NotoSansThai_Bold}" bytes="2" />
	</#if>
    <macrolist>
        <macro id="nlheader">
            <table style="width: 100%; font-size: 10pt;"><tr>
	<td rowspan="1" style="padding: 0;"><#if companyInformation.logoUrl?length != 0><img src="${companyInformation.logoUrl}" style="float: left; margin: 7px; width: 150px; height: 40px;" /> </#if></td>
	<td align="right" style="padding: 0;">&nbsp;</td>
	</tr>
	<tr>
	<td style="padding: 0;">&nbsp;</td>
	<td align="right" style="padding: 0;"><span style="font-size:12px;"><span style="font-family:Arial,Helvetica,sans-serif;"><strong>${record.subsidiary.custrecord_ecm_subname_en}</strong></span></span></td>
	</tr></table>
        </macro>
        <macro id="nlfooter">
            <table style="width: 100%; font-size: 8pt;"><tr>
	<td align="right" style="padding: 0;"><pagenumber/> of <totalpages/></td>
	</tr></table>
        </macro>
    </macrolist>
    <style type="text/css">* {
		<#if .locale == "zh_CN">
			font-family: NotoSans, NotoSansCJKsc, sans-serif;
		<#elseif .locale == "zh_TW">
			font-family: NotoSans, NotoSansCJKtc, sans-serif;
		<#elseif .locale == "ja_JP">
			font-family: NotoSans, NotoSansCJKjp, sans-serif;
		<#elseif .locale == "ko_KR">
			font-family: NotoSans, NotoSansCJKkr, sans-serif;
		<#elseif .locale == "th_TH">
			font-family: NotoSans, NotoSansThai, sans-serif;
		<#else>
			font-family: NotoSans, sans-serif;
		</#if>
		}
      
.dom1 { position: relative; }

.dom2 { position: absolute; top: 0;width: 100px; height: 100px; opacity: 0;}

		table {
			font-size: 9pt;
			table-layout: fixed;
		}
        th {
            font-weight: bold;
            font-size: 8pt;
            vertical-align: middle;
            padding: 5px 6px 3px;
            background-color: #e3e3e3;
            color: #333333;
        }
        td {
            padding: 4px 6px;
        }
		td p { align:left }
</style>
</head>
<body header="nlheader" header-height="7%" footer="nlfooter" footer-height="20pt" padding="0.5in 0.5in 0.5in 0.5in" size="Letter">
    <table style="width:100%;"><tr>
	<td align="center"><span style="font-size:20px;"><span style="font-family:Arial,Helvetica,sans-serif;"><strong>SALES CONTRACT</strong></span></span></td>
	</tr></table>

<table style="width:100%;"><tr>
	<td>&nbsp;</td>
	<td>&nbsp;</td>
	<td style="width: 137px;">&nbsp;</td>
	<td style="width: 161px;">&nbsp;</td>
	<td style="width: 208px;"><span style="font-family:Arial,Helvetica,sans-serif;"><span style="font-size:11px;"><strong>SC NO.:${record.tranid}</strong></span></span></td>
	</tr>
	<tr>
	<td>&nbsp;</td>
	<td>&nbsp;</td>
	<td style="width: 137px;">&nbsp;</td>
	<td style="width: 161px;">&nbsp;</td>
	<td style="width: 208px;"><span style="font-family:Arial,Helvetica,sans-serif;"><span style="font-size:11px;"><strong>PO&nbsp;NO.:${record.otherrefnum}</strong></span></span></td>
	</tr>
	<tr>
	<td>&nbsp;</td>
	<td>&nbsp;</td>
	<td style="width: 137px;">&nbsp;</td>
	<td style="width: 161px;">&nbsp;</td>
	<td style="width: 208px;"><span style="font-family:Arial,Helvetica,sans-serif;"><span style="font-size:11px;"><strong>Signed at:${record.custbody_ecm_signaddress_en}</strong></span></span></td>
	</tr>
	<tr>
	<td>&nbsp;</td>
	<td>&nbsp;</td>
	<td style="width: 137px;">&nbsp;</td>
	<td style="width: 161px;">&nbsp;</td>
	<td style="width: 208px;"><span style="font-family:Arial,Helvetica,sans-serif;"><span style="font-size:11px;"><strong>Date:${record.trandate}</strong></span></span></td>
	</tr></table>

<table style="width:100%;"><tr>
	<td style="border-bottom: 1px solid black;"><span style="font-size:11px;"><span style="font-family:Arial,Helvetica,sans-serif;"><strong>1 Parties</strong></span></span></td>
	</tr></table>

<table style="width:100%;"><tr>
	<td><span style="font-family:Arial,Helvetica,sans-serif;"><span style="font-size:11px;">This Sales Contract is made on</span></span></td>
	</tr></table>

<table style="width:100%;"><tr>
	<td style="width: 138px;"><span style="font-size:11px;"><span style="font-family:Arial,Helvetica,sans-serif;"><strong>1.1 &nbsp; The Seller:</strong></span></span></td>
	<td colspan="2" style="width: 647px;"><span style="font-size:11px;"><span style="font-family:Arial,Helvetica,sans-serif;">${record.subsidiary.custrecord_ecm_subname_en}</span></span></td>
	</tr>
	<tr>
	<td style="width: 138px;">&nbsp;</td>
	<td colspan="2" style="width: 647px;"><span style="font-size:11px;"><span style="font-family:Arial,Helvetica,sans-serif;">ADD:&nbsp;${record.subsidiary.custrecord_ecm_subaddress_en}</span></span></td>
	</tr>
	<tr>
	<td style="width: 138px;">&nbsp;</td>
	<td style="width: 309px;"><span style="font-size:11px;"><span style="font-family:Arial,Helvetica,sans-serif;">TEL:&nbsp;${record.subsidiary.custrecord37}</span></span></td>
	<td style="width: 179px;">FAX:&nbsp;${record.subsidiary.fax}</td>
	</tr>
	<tr>
	<td style="width: 138px;">&nbsp;</td>
	<td colspan="2" style="width: 647px;"><span style="font-size:11px;"><span style="font-family:Arial,Helvetica,sans-serif;">VAT NO:&nbsp;${record.subsidiary.custrecord_ecm_vatno}</span></span></td>
	</tr>
	<tr>
	<td style="width: 138px;"><span style="font-size:11px;"><span style="font-family:Arial,Helvetica,sans-serif;">&nbsp; &nbsp; &nbsp; &nbsp; <strong>&nbsp;Email:</strong></span></span></td>
	<td colspan="2" style="width: 647px;"><span style="font-size:11px;"><span style="font-family:Arial,Helvetica,sans-serif;">${record.salesrep.email}</span></span></td>
	</tr>
	<tr>
	<td style="width: 138px;"><span style="font-size:11px;"><span style="font-family:Arial,Helvetica,sans-serif;"><strong>1.2 &nbsp;The buyer:</strong></span></span></td>
	<td colspan="2" style="width: 647px;"><span style="font-size:11px;"><span style="font-family:Arial,Helvetica,sans-serif;">${record.entity.companyname}</span></span></td>
	</tr>
	<tr>
	<td style="width: 138px;">&nbsp;</td>
	<td colspan="2" style="width: 647px;"><span style="font-size:11px;"><span style="font-family:Arial,Helvetica,sans-serif;">ADD:&nbsp;${record.shipaddress}</span></span></td>
	</tr>
	<tr>
	<td style="width: 138px;">&nbsp;</td>
	<td style="width: 309px;"><span style="font-size:11px;"><span style="font-family:Arial,Helvetica,sans-serif;">TEL:&nbsp;${record.entity.phone}</span></span></td>
	<td style="width: 179px;">FAX:&nbsp;${record.entity.fax}</td>
	</tr>
	<tr>
	<td style="width: 138px;">&nbsp;</td>
	<td colspan="2" style="width: 647px;"><span style="font-size:11px;"><span style="font-family:Arial,Helvetica,sans-serif;">VAT NO:&nbsp;${record.entity.vatregnumber}</span></span></td>
	</tr>
	<tr>
	<td style="width: 138px;"><span style="font-size:11px;"><span style="font-family:Arial,Helvetica,sans-serif;">&nbsp; &nbsp; &nbsp; &nbsp; <strong>&nbsp;Email:</strong></span></span></td>
	<td colspan="2" style="width: 647px;"><span style="font-size:11px;"><span style="font-family:Arial,Helvetica,sans-serif;">${record.custbody_ecm_customer_contract.email}</span></span></td>
	</tr></table>

<table style="width:100%;"><tr>
	<td style="border-bottom: 1px solid black;"><strong>2 Definitions and Interpretation</strong></td>
	</tr></table>

<table style="width:100%;"><tr>
	<td>
	<p style="line-height:14px"><strong>2.1</strong> A reference to USD, US$, $USD, dollar or $ is a reference to United States currency;<br /><strong>2.2</strong> A reference to time is to Hongkong, China time<br /><strong>2.3</strong> The Terms FOB, CFR or CIF shall be subject to the international rules for the interpretation of Trade Terms(INCOTERMS 2010) provided by International Chamber of Commerce (ICC) unless otherwise stipulated herein.</p>
	</td>
	</tr></table>

<table style="width:100%;"><tr>
	<td>&nbsp;</td>
	</tr></table>

<table style="width:100%;"><tr>
	<td style="border-bottom: 1px solid black;"><strong>3 Name, Specifications Quality and Quantity of Commodity</strong></td>
	</tr></table>
<#if record.item?has_content>

<table border="0.1" style="width:100%;"><!-- start items --><#list record.item as item><#if item_index==0>
<thead>
	<tr>
	<td border="0.5" rowspan="2" style="width: 154px; vertical-align: middle;"><span style="font-size:11px;"><span style="font-family:Arial,Helvetica,sans-serif;"><strong>3.1 Commodity name</strong></span></span></td>
	<td border="0.5" rowspan="2" style="width: 121px; vertical-align: middle;"><span style="font-size:11px;"><span style="font-family:Arial,Helvetica,sans-serif;"><strong>3.2 Specification</strong></span></span></td>
	<td border="0.5" rowspan="2" style="width: 83px; vertical-align: middle;"><span style="font-size:11px;"><span style="font-family:Arial,Helvetica,sans-serif;"><strong>3.3 Packing</strong></span></span></td>
	<td border="0.5" rowspan="2" style="width: 93px; vertical-align: middle;"><span style="font-size:11px;"><span style="font-family:Arial,Helvetica,sans-serif;"><strong>3.4 Unit Price</strong></span></span></td>
	<td border="0.5" rowspan="2" style="width: 89px; vertical-align: middle;"><span style="font-size:11px;"><span style="font-family:Arial,Helvetica,sans-serif;"><strong>3.5 Quantity</strong></span></span></td>
	<td border="0.5" rowspan="2" style="width: 61px; vertical-align: middle;"><span style="font-size:11px;"><span style="font-family:Arial,Helvetica,sans-serif;"><strong>3.6 Unit</strong></span></span></td>
	<td border="0.5" colspan="1" rowspan="2" style="width: 105px; vertical-align: middle;"><span style="font-size:11px;"><span style="font-family:Arial,Helvetica,sans-serif;"><strong>3.7 Amount</strong></span><br /><strong>(${record.currency})</strong></span></td>
	</tr>
</thead>
</#if><tr>
	<td border="0.5" style="width: 154px;"><span style="font-size:11px;">${item.custcol_ecm_productname_en}</span></td>
	<td border="0.5" style="width: 121px;"><span style="font-size:11px;">${item.custcol_ecm_spec_js}</span></td>
	<td border="0.5" style="width: 83px;"><span style="font-size:11px;">${item.custcol_ecm_packing_js}</span></td>
	<td border="0.5" style="width: 93px;"><span style="font-size:11px;">${item.rate}</span></td>
	<td border="0.5" style="width: 89px;"><span style="font-size:11px;">${item.quantity}</span></td>
	<td border="0.5" style="width: 61px;"><span style="font-size:11px;">${item.units}</span></td>
	<td border="0.5" style="width: 105px;"><span style="font-size:11px;">${item.amount}</span></td>
	</tr>
	</#list><!-- end items --></#if></table>
<#if (0 != record.taxtotal && "0" != record.taxtotal && "0.0" != record.taxtotal && "0.00" != record.taxtotal)>

<table border="0.1" style="width:100%;"><tr>
	<td border="0.5" colspan="6" rowspan="1" style="width: 154px;"><strong>VAT TAX:</strong></td>
	<td border="0.5" style="width: 105px;">${record.taxtotal}</td>
	</tr></table>
</#if>

<table border="0.1" style="width:100%;"><tr>
	<td border="0.5" style="width: 437px;"><span style="font-family:Arial,Helvetica,sans-serif;"><span style="font-size:11px;"><strong>Total:</strong></span></span></td>
	<td border="0.5" style="width: 89px;"><span style="font-family:Arial,Helvetica,sans-serif;"><span style="font-size:11px;">${record.custbody_ecm_sumqty}</span></span></td>
	<td border="0.5" style="width: 61px;"><span style="font-family:Arial,Helvetica,sans-serif;"><span style="font-size:11px;">${record.item[0].units}</span></span></td>
	<td border="0.5" style="width: 105px;"><span style="font-family:Arial,Helvetica,sans-serif;"><span style="font-size:11px;">${record.total}</span></span></td>
	</tr></table>

<table border="0.1" style="width:100%;"><tr>
	<td border="0.5" style="width: 163px;"><span style="font-size:11px;"><span style="font-family:Arial,Helvetica,sans-serif;"><strong>Total Amount in words</strong></span></span></td>
	<td border="0.5" colspan="6" rowspan="1" style="width: 607px;"><span style="font-size:11px;">${record.custbody_ecm_totalamt_en}</span></td>
	</tr>
	<tr>
	<td border="0.5" style="width: 174px;"><span style="font-size:11px;"><span style="font-family:Arial,Helvetica,sans-serif;"><strong>3.8 Packing Mark</strong></span></span></td>
	<td border="0.5" colspan="6" style="width: 607px;"><span style="font-size:11px;">as agreed</span></td>
	</tr>
	<tr>
	<td border="0.5" style="width: 174px;"><span style="font-size:11px;"><span style="font-family:Arial,Helvetica,sans-serif;"><strong>3.9 Time of shipment</strong></span></span></td>
	<td border="0.5" colspan="6" style="width: 607px;"><span style="font-size:11px;">${record.custbody_shipmentdate_descrip}</span></td>
	</tr>
	<tr>
	<td border="0.5" style="width: 174px;"><span style="font-size:11px;"><span style="font-family:Arial,Helvetica,sans-serif;"><strong>3.10 Trade Terms</strong></span></span></td>
	<td border="0.5" colspan="6" style="width: 607px;"><span style="font-size:11px;">${record.custbody_ecm_treadeterms_js}</span></td>
	</tr>
	<tr>
	<td border="0.5" style="width: 174px;"><span style="font-size:11px;"><span style="font-family:Arial,Helvetica,sans-serif;"><strong>3.11 Loading Port/Place</strong></span></span></td>
	<td border="0.5" colspan="6" style="width: 607px;"><span style="font-size:11px;">${record.custbody_ecm_loadingportplace_js}</span></td>
	</tr>
	<tr>
	<td border="0.5" style="width: 174px;"><span style="font-size:11px;"><span style="font-family:Arial,Helvetica,sans-serif;"><strong>3.12 Type of Shipping</strong></span></span></td>
	<td border="0.5" colspan="6" style="width: 607px;"><span style="font-size:11px;">${record.custbody_ecm_shipping_method}</span></td>
	</tr>
	<tr>
	<td border="0.5" style="width: 174px;"><span style="font-size:11px;"><span style="font-family:Arial,Helvetica,sans-serif;"><strong>3.13 Discharging Port/Place</strong></span></span></td>
	<td border="0.5" colspan="6" style="width: 607px;"><span style="font-size:11px;">${record.custbody_ecm_dischargingportplace_js}</span></td>
	</tr></table>
&nbsp;

<table style="width:100%;"><tr>
	<td style="border-bottom: 1px solid black;"><span style="font-size:11px;"><span style="font-family:Arial,Helvetica,sans-serif;"><strong>4 Terms of Payment</strong></span></span></td>
	</tr>
	<tr>
	<td><span style="font-size:11px;"><span style="font-family:Arial,Helvetica,sans-serif;"><strong>4.1</strong> Payment term:</span></span></td>
	</tr>
	<tr>
	<td><span style="font-size:11px;">${record.custbody_ecm_termsdisplay_en}</span></td>
	</tr>
	<tr>
	<td><span style="font-size:11px;"><span style="font-family:Arial,Helvetica,sans-serif;"><strong>4.2</strong> Seller&#39;s bank details:</span></span></td>
	</tr>
	<tr>
	<td><span style="font-size:11px;">${record.custbody_ecm_bankinfomation}</span></td>
	</tr>
	<tr>
	<td><span style="font-size:11px;"><span style="font-family:Arial,Helvetica,sans-serif;"><strong>4.3</strong> Buyer&#39;s bank:</span></span></td>
	</tr>
	<tr>
	<td>&nbsp;</td>
	</tr></table>

<table style="width:100%;"><tr>
	<td style="border-bottom: 1px solid black;"><strong>5 Interest</strong></td>
	</tr>
	<tr>
	<td>
	<p style="line-height:14px"><strong>5.1</strong> If any party fails to pay any amount payable by it under this Contract on or before the due date for payment,that party will be liable to pay interest on the outstanding amount in accordance with this clause.<br /><strong>5.2</strong> The applicable rate of interest is 0.1% per day.<br /><strong>5.3</strong> Interest payable under this clause will be calculated on daily balances on the amounts outstanding from the due date for payment of the amount until such amount, together with interest thereon, has been paid in full.</p>
	</td>
	</tr>
	<tr>
	<td>&nbsp;</td>
	</tr></table>

<table style="width:100%;"><tr>
	<td style="border-bottom: 1px solid black;"><strong>6 Quality/Quantity &nbsp; discrepancy&nbsp;&nbsp; &nbsp;</strong></td>
	</tr>
	<tr>
	<td>
	<p style="line-height:14px"><strong>6.1</strong> In case of quality discrepancy, claim should be filed by the Buyer within 30 days after the arrival of the goods at port of destination, while for quantity discrepancy, claim should be filed by the Buyer within 15 days after the arrival of the goods at port of destination. Or else, the quality and quantity meet with the contract requirement.<br />The product quality shall be based on the certificate of analysis provided by us. If the buyer raises any objection, the buyer shall provide a third-party test report approved by both parties, and the test result shall be the final basis for whether the product is qualified or not. All the related expenses such as testing expenses and freight charges shall be borne by the responsible party.<br /><strong>6.2</strong> To the full extent permitted by law, any warranties regarding the quality of the goods, its fitness for any particular purpose and its merchantability, other than those expressly stated in this Contract, are excluded from and will form no part of this Contract.<br /><strong>6.3</strong> It is understood that the Seller shall not be liable for any discrepancy of the goods shipped due to causes forwhich the Insurance Company, Shipping Company, other Transportation Organization /or Post Office are liable.</p>
	</td>
	</tr>
	<tr>
	<td>&nbsp;</td>
	</tr></table>

<table style="width:100%;"><tr>
	<td style="border-bottom: 1px solid black;"><strong>7 Title and risk&nbsp;&nbsp; &nbsp;</strong></td>
	</tr>
	<tr>
	<td>
	<p style="line-height:14px"><strong>7.1</strong> Risk in and possession of the goods delivered by the Seller under the terms of this Contract will pass to the Buyer when the goods is delivered to the Delivery Point (and for the avoidance of doubt, this occurs when the goods passes over the Vessel&#39;s rail).<br /><strong>7.2</strong> Title to the goods will pass to the buyer on payment to the Seller in accordance with this contract on time.<br />If the Seller is not full paid in accordance with this contract, then the Seller shall be entitled to sell the goods to a third party upon whatever terms it sees fit. Any shortfall in revenue from that received from such a sale and that would have derived from the sale in accordance with this Contract, plus any costs and expenses incurred by the Seller arising from the Buyer&#39;s default (Revenue Shortfall) shall be a debt due and owing by the Buyer to the Seller and without limitation to any remedy available to the Seller under this Contract or at law.</p>
	</td>
	</tr>
	<tr>
	<td>&nbsp;</td>
	</tr></table>

<table style="width:100%;"><tr>
	<td style="border-bottom: 1px solid black;"><strong>8 Liability&nbsp;&nbsp; &nbsp;</strong></td>
	</tr>
	<tr>
	<td>
	<p style="line-height:14px"><strong>8.1</strong> If a party (Affected Party) is unable, wholly or in part, to carry out its obligations under this Contract (other than a payment obligation) as a result of Force Majeure, the obligations are suspended (so far as they are affected) during the period of the Force Majeure.<br />Force Majeure as referred to in this contract means unforeseeable, unavoidable and insurmountable objective conditions.<br /><strong>8.2</strong> The Affected Party must immediately give the other party notice of the Force Majeure, and take all necessary steps to remedy or remove the Force Majeure, or the effects of it, as quickly as possible (provided that nothing in this clause requires a party to incur expenditure to remedy or remove the Force Majeure if in the Affected Party&#39;s opinion the expenditure would not be economically justified).<br />Once a party find the risk of loss of or damage of the goods, the party should take above mentioned actions. Or else, the party will loss the right to claim damages from the other party.<br /><strong>8.3</strong> Any liability of the Seller shall be limited to the total amount of the purchase price specified in this Contract.</p>
	</td>
	</tr>
	<tr>
	<td>&nbsp;</td>
	</tr></table>

<table style="width:100%;"><tr>
	<td style="border-bottom: 1px solid black;"><strong>9 Arbitration&nbsp;&nbsp; &nbsp;</strong></td>
	</tr>
	<tr>
	<td>
	<p style="line-height:14px"><strong>9.1</strong> Arbitration: Any dispute, controversy, difference or claim arising out of or relating to this contract, including the existence, validity, interpretation, performance, breach or termination thereof or any dispute regarding non- contractual obligations arising out of or relating to it shall be referred to and finally resolved by arbitration administered by the Hong Kong International Arbitration Centre (HKIAC) under the HKIAC Administered Arbitration Rules in force when the Notice of Arbitration is submitted.<br /><strong>9.2</strong> This Contract is governed by the law of Hongkong.</p>
	</td>
	</tr>
	<tr>
	<td>&nbsp;</td>
	</tr></table>

<table style="width:100%;"><tr>
	<td style="border-bottom: 1px solid black;"><strong>10 Notices&nbsp;&nbsp; &nbsp;&nbsp;</strong></td>
	</tr>
	<tr>
	<td>
	<p style="line-height:14px">10.1 All notice shall be written in English and served to both parties by fax/e-mail /courier according to the addresses specified on page 1. If any changes of the addresses occur, one party shall inform the other party of the change of address within 2 days after the change.</p>
	</td>
	</tr>
	<tr>
	<td>&nbsp;</td>
	</tr></table>

<table style="width:100%;"><tr>
	<td style="border-bottom: 1px solid black;"><strong>11 Miscellaneous&nbsp;&nbsp; &nbsp;</strong></td>
	</tr>
	<tr>
	<td>
	<p style="line-height:14px"><strong>11.1</strong> This Contract is executed in English.<br /><strong>11.2</strong> This Contract is in two duplicates effective since being signed/sealed by both parties.</p>
	</td>
	</tr>
	<tr>
	<td>&nbsp;</td>
	</tr></table>
<#if record.custbody_ecm_supplementary_terms?has_content>

<table style="width:100%;"><tr>
	<td style="border-bottom: 1px solid black;"><strong>12 Other&nbsp;</strong></td>
	</tr>
	<tr>
	<td>
	<p style="line-height:14px"><strong>12.1</strong>${record.custbody_ecm_supplementary_terms}&nbsp;</p>
	</td>
	</tr></table>
</#if>&nbsp;

<div class="dom1">
<table style="width:100%;"><tr>
	<td><strong>The Seller&nbsp; &nbsp; &nbsp;</strong></td>
	<td>&nbsp;</td>
	<td><strong>The Buyer</strong></td>
	<td>&nbsp;</td>
	</tr>
	<tr>
	<td>&nbsp;</td>
	<td>&nbsp;</td>
	<td>&nbsp;</td>
	<td>&nbsp;</td>
	</tr>
	<tr>
	<td colspan="2" rowspan="1">${record.subsidiary.custrecord_ecm_subname_en}</td>
	<td colspan="2" rowspan="1">${record.entity.companyname}</td>
	</tr>
	<tr>
	<td>&nbsp;</td>
	<td>&nbsp;</td>
	<td>&nbsp;</td>
	<td>&nbsp;</td>
	</tr></table>
&nbsp;

<div class="dom2"><#if record.custbody_ecm_trade_electricseal_url?has_content><img class="img1" nscke-field="" src="${record.custbody_ecm_trade_electricseal_url}" style="width: 250px; height: 183px;opacity:0.4"/></#if></div>
</div>
</body>
</pdf>