﻿scriptid,scriptid2,label,translation
customrecord_ecm_custom_basic_info,custrecord_ecbi_country,国家,CUSTOMS AREA
customrecord_ecm_custom_basic_info,custrecord_ecbi_hscode,商品编码,HS CODE
customrecord_ecm_custom_basic_info,custrecord_ecbi_name,商品名称,Product Name
customrecord_ecm_custom_basic_info,custrecord_ecbi_declaration_name,报关品名,Declaration Name
customrecord_ecm_custom_basic_info,custrecord_ecbi_reporting_elements,申报要素,Reporting Elements
customrecord_ecm_custom_basic_info,custrecord_ecbi_condition,海关监管条件,Condition
customrecord_ecm_custom_basic_info,custrecord_ecbi_category,检验检疫类别,CATEGORY
customrecord_ecm_custom_basic_info,custrecord_ecbi_export_tax_refund_type,出口退税类型,Export Tax Refund type
customrecord_ecm_custom_basic_info,custrecord_ecbi_export_tax_refund,出口退税,Export Tax Refund
customrecord_ecm_custom_basic_info,custrecord_ecbi_import_tariff_type,进口关税类型,Import tariff type
customrecord_ecm_custom_basic_info,custrecord_ecbi_import_tariffs,进口关税,Import Tariffs
customrecord_ecm_custom_basic_info,custrecord_ecbi_vat_type,增值税类型,VAT TYPE
customrecord_ecm_custom_basic_info,custrecord_ecbi_vat,增值税/VAT,VAT
customrecord_ecm_custom_basic_info,custrecord_ecbi_specialcode,特殊商品标识,Product Identification