<?xml version="1.0"?>
<?mso-application progid="Excel.Sheet"?>
<Workbook xmlns="urn:schemas-microsoft-com:office:spreadsheet"
 xmlns:o="urn:schemas-microsoft-com:office:office"
 xmlns:x="urn:schemas-microsoft-com:office:excel"
 xmlns:dt="uuid:C2F41010-65B3-11d1-A29F-00AA00C14882"
 xmlns:ss="urn:schemas-microsoft-com:office:spreadsheet"
 xmlns:html="http://www.w3.org/TR/REC-html40">
 <DocumentProperties xmlns="urn:schemas-microsoft-com:office:office">
  <Author>Admin</Author>
  <LastAuthor>陆乾</LastAuthor>
  <Created>2021-07-05T08:02:00Z</Created>
  <LastSaved>2023-03-29T06:44:30Z</LastSaved>
  <Version>16.00</Version>
 </DocumentProperties>
 <CustomDocumentProperties xmlns="urn:schemas-microsoft-com:office:office">
  <ICV dt:dt="string">02AA2242A2064DDD80C6B1F5812C0941</ICV>
  <KSOProductBuildVer dt:dt="string">2052-11.1.0.11744</KSOProductBuildVer>
 </CustomDocumentProperties>
 <OfficeDocumentSettings xmlns="urn:schemas-microsoft-com:office:office">
  <AllowPNG/>
 </OfficeDocumentSettings>
 <ExcelWorkbook xmlns="urn:schemas-microsoft-com:office:excel">
  <WindowHeight>12576</WindowHeight>
  <WindowWidth>23256</WindowWidth>
  <WindowTopX>32767</WindowTopX>
  <WindowTopY>32767</WindowTopY>
  <TabRatio>720</TabRatio>
  <ProtectStructure>False</ProtectStructure>
  <ProtectWindows>False</ProtectWindows>
 </ExcelWorkbook>
 <Styles>
  <Style ss:ID="Default" ss:Name="Normal">
   <Alignment ss:Vertical="Center"/>
   <Borders/>
   <Font ss:FontName="宋体" x:CharSet="1${data.len}" ss:Size="11" ss:Color="#000000"/>
   <Interior/>
   <NumberFormat/>
   <Protection/>
  </Style>
  <Style ss:ID="s16">
   <Alignment ss:Horizontal="Center" ss:Vertical="Center"/>
   <Font ss:FontName="Arial" x:Family="Swiss" ss:Size="7" ss:Bold="1"/>
   <Interior ss:Color="#D0D0D0" ss:Pattern="Solid"/>
  </Style>
  <Style ss:ID="s17">
   <Alignment ss:Vertical="Bottom"/>
   <Font ss:FontName="Arial" x:Family="Swiss" ss:Size="8"/>
  </Style>
  <Style ss:ID="s18">
   <Font ss:FontName="Arial" x:Family="Swiss" ss:Color="#000000" ss:Bold="1"/>
  </Style>
  <Style ss:ID="s19">
   <Alignment ss:Vertical="Bottom"/>
   <Font ss:FontName="Arial" x:Family="Swiss" ss:Bold="1"/>
  </Style>
 </Styles>
 <Worksheet ss:Name="ECHEMI_Aging_Report">
  <Table x:FullColumns="1" x:FullRows="1" ss:DefaultColumnWidth="48.6" ss:DefaultRowHeight="14.4">
   <Column ss:AutoFitWidth="0" ss:Width="135.6"/>
   <Column ss:AutoFitWidth="0" ss:Width="135.6"/>
   <Column ss:AutoFitWidth="0" ss:Width="135.6"/>
   <Column ss:AutoFitWidth="0" ss:Width="102.60000000000001"/>
   <Column ss:AutoFitWidth="0" ss:Width="76.8"/>
   <Column ss:AutoFitWidth="0" ss:Width="57" ss:Span="1"/>
   <Column ss:AutoFitWidth="0" ss:Width="73.8"/>
   <Column ss:AutoFitWidth="0" ss:Width="70.8"/>
   <Column ss:AutoFitWidth="0" ss:Width="78"/>
   <Column ss:AutoFitWidth="0" ss:Width="75"/>
   <Column ss:AutoFitWidth="0" ss:Width="78"/>
   <Column ss:AutoFitWidth="0" ss:Width="75"/>
   <Column ss:AutoFitWidth="0" ss:Width="82.199999999999989"/>
   <Column ss:AutoFitWidth="0" ss:Width="79.800000000000011"/>
   <Column ss:AutoFitWidth="0" ss:Width="87"/>
   <Column ss:AutoFitWidth="0" ss:Width="84"/>
   <Column ss:AutoFitWidth="0" ss:Width="87"/>
   <Column ss:AutoFitWidth="0" ss:Width="84"/>
   <Column ss:AutoFitWidth="0" ss:Width="73.8"/>
   <Column ss:AutoFitWidth="0" ss:Width="70.8"/>
   <Column ss:AutoFitWidth="0" ss:Width="91.199999999999989"/>
   <Column ss:AutoFitWidth="0" ss:Width="88.2"/>
   <Row>
    <Cell ss:StyleID="s16"><Data ss:Type="String">subsidiary</Data></Cell>
    <Cell ss:StyleID="s16"><Data ss:Type="String">location</Data></Cell>
    <Cell ss:StyleID="s16"><Data ss:Type="String">item</Data></Cell>
    <Cell ss:StyleID="s16"><Data ss:Type="String">SPU class</Data></Cell>
    <Cell ss:StyleID="s16"><Data ss:Type="String">lot no</Data></Cell>
    <Cell ss:StyleID="s16"><Data ss:Type="String">status</Data></Cell>
    <Cell ss:StyleID="s16"><Data ss:Type="String">Unit Cost</Data></Cell>
    <Cell ss:StyleID="s16"><Data ss:Type="String">1-30Days(Quantity)</Data></Cell>
    <Cell ss:StyleID="s16"><Data ss:Type="String">1-30Days(Amount)</Data></Cell>
    <Cell ss:StyleID="s16"><Data ss:Type="String">31-60Days(Quantity)</Data></Cell>
    <Cell ss:StyleID="s16"><Data ss:Type="String">31-60Days(Amount)</Data></Cell>
    <Cell ss:StyleID="s16"><Data ss:Type="String">61-90Days(Quantity)</Data></Cell>
    <Cell ss:StyleID="s16"><Data ss:Type="String">61-90Days(Amount)</Data></Cell>
    <Cell ss:StyleID="s16"><Data ss:Type="String">91-120Days(Quantity)</Data></Cell>
    <Cell ss:StyleID="s16"><Data ss:Type="String">91-120Days(Amount)</Data></Cell>
    <Cell ss:StyleID="s16"><Data ss:Type="String">121-180Days(Quantity)</Data></Cell>
    <Cell ss:StyleID="s16"><Data ss:Type="String">121-180Days(Amount)</Data></Cell>
    <Cell ss:StyleID="s16"><Data ss:Type="String">181-365Days(Quantity)</Data></Cell>
    <Cell ss:StyleID="s16"><Data ss:Type="String">181-365Days(Amount)</Data></Cell>
    <Cell ss:StyleID="s16"><Data ss:Type="String">1-2Years(Quantity)</Data></Cell>
    <Cell ss:StyleID="s16"><Data ss:Type="String">1-2Years(Amount)</Data></Cell>
    <Cell ss:StyleID="s16"><Data ss:Type="String">Above2Years(Quantity)</Data></Cell>
    <Cell ss:StyleID="s16"><Data ss:Type="String">Above2Years(Amount)</Data></Cell>
   </Row>
   <#if data.list ? has_content>
   <#list data.list as line>
   <Row>
    <Cell ss:StyleID="s17"><Data ss:Type="String">${line.subsidiary}</Data></Cell>
    <Cell ss:StyleID="s17"><Data ss:Type="String">${line.location}</Data></Cell>
    <Cell ss:StyleID="s17"><Data ss:Type="String">${line.item}</Data></Cell>
    <Cell ss:StyleID="s17"><Data ss:Type="String">${line.spu_class}</Data></Cell>
    <Cell ss:StyleID="s17"><Data ss:Type="String">${line.lot_no}</Data></Cell>
    <Cell ss:StyleID="s17"><Data ss:Type="String">${line.status}</Data></Cell>
    <Cell ss:StyleID="s17"><Data ss:Type="Number">${line.unit_cost}</Data></Cell>
    <Cell ss:StyleID="s17"><Data ss:Type="Number">${line.days_1_30_qty}</Data></Cell>
    <Cell ss:StyleID="s17"><Data ss:Type="Number">${line.days_1_30_amt}</Data></Cell>
    <Cell ss:StyleID="s17"><Data ss:Type="Number">${line.days_31_60_qty}</Data></Cell>
    <Cell ss:StyleID="s17"><Data ss:Type="Number">${line.days_31_60_amt}</Data></Cell>
    <Cell ss:StyleID="s17"><Data ss:Type="Number">${line.days_61_90_qty}</Data></Cell>
    <Cell ss:StyleID="s17"><Data ss:Type="Number">${line.days_61_90_amt}</Data></Cell>
    <Cell ss:StyleID="s17"><Data ss:Type="Number">${line.days_91_120_qty}</Data></Cell>
    <Cell ss:StyleID="s17"><Data ss:Type="Number">${line.days_91_120_amt}</Data></Cell>
    <Cell ss:StyleID="s17"><Data ss:Type="Number">${line.days_121_180_qty}</Data></Cell>
    <Cell ss:StyleID="s17"><Data ss:Type="Number">${line.days_121_180_amt}</Data></Cell>
    <Cell ss:StyleID="s17"><Data ss:Type="Number">${line.days_181_365_qty}</Data></Cell>
    <Cell ss:StyleID="s17"><Data ss:Type="Number">${line.days_181_365_amt}</Data></Cell>
    <Cell ss:StyleID="s17"><Data ss:Type="Number">${line.years_1_2_qty}</Data></Cell>
    <Cell ss:StyleID="s17"><Data ss:Type="Number">${line.years_1_2_amt}</Data></Cell>
    <Cell ss:StyleID="s17"><Data ss:Type="Number">${line.above2years_qty}</Data></Cell>
    <Cell ss:StyleID="s17"><Data ss:Type="Number">${line.above2years_amt}</Data></Cell>
   </Row>
  </#list>
 </#if>
 <Row ss:AutoFitHeight="0" ss:StyleID="s18">
  <Cell ss:StyleID="s19"><Data ss:Type="String">Total</Data></Cell>
  <Cell ss:Index="8" ss:Formula="=SUM(R[-${data.len}]C:R[-1]C)"><Data ss:Type="Number">0</Data></Cell>
  <Cell ss:Formula="=SUM(R[-${data.len}]C:R[-1]C)"><Data ss:Type="Number">0</Data></Cell>
  <Cell ss:Formula="=SUM(R[-${data.len}]C:R[-1]C)"><Data ss:Type="Number">0</Data></Cell>
  <Cell ss:Formula="=SUM(R[-${data.len}]C:R[-1]C)"><Data ss:Type="Number">0</Data></Cell>
  <Cell ss:Formula="=SUM(R[-${data.len}]C:R[-1]C)"><Data ss:Type="Number">0</Data></Cell>
  <Cell ss:Formula="=SUM(R[-${data.len}]C:R[-1]C)"><Data ss:Type="Number">0</Data></Cell>
  <Cell ss:Formula="=SUM(R[-${data.len}]C:R[-1]C)"><Data ss:Type="Number">0</Data></Cell>
  <Cell ss:Formula="=SUM(R[-${data.len}]C:R[-1]C)"><Data ss:Type="Number">0</Data></Cell>
  <Cell ss:Formula="=SUM(R[-${data.len}]C:R[-1]C)"><Data ss:Type="Number">0</Data></Cell>
  <Cell ss:Formula="=SUM(R[-${data.len}]C:R[-1]C)"><Data ss:Type="Number">0</Data></Cell>
  <Cell ss:Formula="=SUM(R[-${data.len}]C:R[-1]C)"><Data ss:Type="Number">0</Data></Cell>
  <Cell ss:Formula="=SUM(R[-${data.len}]C:R[-1]C)"><Data ss:Type="Number">0</Data></Cell>
  <Cell ss:Formula="=SUM(R[-${data.len}]C:R[-1]C)"><Data ss:Type="Number">0</Data></Cell>
  <Cell ss:Formula="=SUM(R[-${data.len}]C:R[-1]C)"><Data ss:Type="Number">0</Data></Cell>
  <Cell ss:Formula="=SUM(R[-${data.len}]C:R[-1]C)"><Data ss:Type="Number">0</Data></Cell>
  <Cell ss:Formula="=SUM(R[-${data.len}]C:R[-1]C)"><Data ss:Type="Number">0</Data></Cell>
 </Row>
  </Table>
  <WorksheetOptions xmlns="urn:schemas-microsoft-com:office:excel">
   <Selected/>
   <Panes>
    <Pane>
     <Number>3</Number>
     <ActiveRow>14</ActiveRow>
     <ActiveCol>4</ActiveCol>
    </Pane>
   </Panes>
   <ProtectObjects>False</ProtectObjects>
   <ProtectScenarios>False</ProtectScenarios>
  </WorksheetOptions>
 </Worksheet>
</Workbook>
