<?xml version="1.0"?>
<?mso-application progid="Excel.Sheet"?>
<Workbook xmlns="urn:schemas-microsoft-com:office:spreadsheet"
 xmlns:o="urn:schemas-microsoft-com:office:office"
 xmlns:x="urn:schemas-microsoft-com:office:excel"
 xmlns:dt="uuid:C2F41010-65B3-11d1-A29F-00AA00C14882"
 xmlns:ss="urn:schemas-microsoft-com:office:spreadsheet"
 xmlns:html="http://www.w3.org/TR/REC-html40">
 <CustomDocumentProperties xmlns="urn:schemas-microsoft-com:office:office">
  <ICV dt:dt="string">4613E7D8DAF246C38C00D04F4F1FBD72</ICV>
  <KSOProductBuildVer dt:dt="string">2052-11.1.0.11365</KSOProductBuildVer>
 </CustomDocumentProperties>
 <OfficeDocumentSettings xmlns="urn:schemas-microsoft-com:office:office">
  <AllowPNG/>
 </OfficeDocumentSettings>
 <ExcelWorkbook xmlns="urn:schemas-microsoft-com:office:excel">
  <WindowHeight>15840</WindowHeight>
  <WindowWidth>29040</WindowWidth>
  <WindowTopX>32767</WindowTopX>
  <WindowTopY>32767</WindowTopY>
  <ProtectStructure>False</ProtectStructure>
  <ProtectWindows>False</ProtectWindows>
 </ExcelWorkbook>
 <Styles>
  <Style ss:ID="Default" ss:Name="Normal">
   <Alignment ss:Vertical="Bottom"/>
   <Borders/>
   <Font ss:FontName="等线" x:CharSet="134" ss:Size="11" ss:Color="#000000"/>
   <Interior/>
   <NumberFormat/>
   <Protection/>
  </Style>
  <Style ss:ID="s16">
   <Alignment ss:Horizontal="Center" ss:Vertical="Center" ss:WrapText="1"/>
   <Borders>
    <Border ss:Position="Bottom" ss:LineStyle="Continuous" ss:Weight="1"/>
    <Border ss:Position="Left" ss:LineStyle="Continuous" ss:Weight="1"/>
    <Border ss:Position="Right" ss:LineStyle="Continuous" ss:Weight="1"/>
    <Border ss:Position="Top" ss:LineStyle="Continuous" ss:Weight="1"/>
   </Borders>
   <Font ss:FontName="Arial" x:Family="Swiss" ss:Size="11" ss:Color="#000000"/>
  </Style>
  <Style ss:ID="s20">
   <Alignment ss:Vertical="Center"/>
   <Font ss:FontName="Arial" x:Family="Swiss" ss:Size="11" ss:Color="#000000"/>
  </Style>
  <Style ss:ID="s21">
   <Alignment ss:Vertical="Center" ss:WrapText="1"/>
   <Font ss:FontName="Arial" x:Family="Swiss" ss:Size="11" ss:Color="#FF0000"/>
  </Style>
  <Style ss:ID="s69">
   <Alignment ss:Horizontal="Left" ss:Vertical="Center"/>
   <Borders>
    <Border ss:Position="Bottom" ss:LineStyle="Continuous" ss:Weight="1"/>
    <Border ss:Position="Left" ss:LineStyle="Continuous" ss:Weight="1"/>
    <Border ss:Position="Right" ss:LineStyle="Continuous" ss:Weight="1"/>
    <Border ss:Position="Top" ss:LineStyle="Continuous" ss:Weight="1"/>
   </Borders>
   <Font ss:FontName="Arial" x:Family="Swiss" ss:Size="11"/>
  </Style>
  <Style ss:ID="s70">
   <Alignment ss:Horizontal="Center" ss:Vertical="Center" ss:WrapText="1"/>
   <Borders>
    <Border ss:Position="Bottom" ss:LineStyle="Continuous" ss:Weight="1"/>
    <Border ss:Position="Left" ss:LineStyle="Continuous" ss:Weight="1"/>
    <Border ss:Position="Right" ss:LineStyle="Continuous" ss:Weight="1"/>
    <Border ss:Position="Top" ss:LineStyle="Continuous" ss:Weight="1"/>
   </Borders>
   <Font ss:FontName="Arial" x:Family="Swiss" ss:Size="11"/>
  </Style>
  <Style ss:ID="s72">
   <Alignment ss:Vertical="Center"/>
   <Borders>
    <Border ss:Position="Bottom" ss:LineStyle="Continuous" ss:Weight="1"/>
    <Border ss:Position="Left" ss:LineStyle="Continuous" ss:Weight="1"/>
    <Border ss:Position="Right" ss:LineStyle="Continuous" ss:Weight="1"/>
    <Border ss:Position="Top" ss:LineStyle="Continuous" ss:Weight="1"/>
   </Borders>
   <Font ss:FontName="Arial" x:Family="Swiss" ss:Size="11"/>
  </Style>
 </Styles>
 <Worksheet ss:Name="cargoList.xlsx">
  <Table x:FullColumns="1"
   x:FullRows="1" ss:StyleID="s20" ss:DefaultColumnWidth="54"
   ss:DefaultRowHeight="14.25">
   <Column ss:StyleID="s20" ss:Width="84"/>
   <Column ss:StyleID="s20" ss:Width="117"/>
   <Column ss:StyleID="s20" ss:AutoFitWidth="0" ss:Width="78.75"/>
   <Column ss:StyleID="s20" ss:AutoFitWidth="0" ss:Width="65.25"/>
   <Column ss:StyleID="s20" ss:AutoFitWidth="0" ss:Width="99.75"/>
   <Column ss:StyleID="s20" ss:AutoFitWidth="0" ss:Width="66"/>
   <Column ss:StyleID="s20" ss:AutoFitWidth="0" ss:Width="194.25"/>
   <Column ss:StyleID="s20" ss:Width="59.25"/>
   <Column ss:StyleID="s20" ss:Width="35.25"/>
   <Column ss:StyleID="s20" ss:Width="62.25"/>
   <Column ss:StyleID="s20" ss:Width="33.75" ss:Span="1"/>
   <Column ss:Index="13" ss:StyleID="s20" ss:AutoFitWidth="0" ss:Width="62.25"/>
   <Column ss:StyleID="s20" ss:AutoFitWidth="0" ss:Width="51"/>
   <Column ss:StyleID="s20" ss:AutoFitWidth="0" ss:Width="66"/>
   <Row>
    <Cell ss:StyleID="s16"><Data ss:Type="String">Invoice No</Data></Cell>
    <Cell ss:StyleID="s69"><Data ss:Type="String">${data.sp_no}</Data></Cell>
    <Cell ss:StyleID="s70"><Data ss:Type="String">ATD</Data></Cell>
    <Cell ss:MergeAcross="1" ss:StyleID="s69"><Data ss:Type="String">${data.atd}</Data></Cell>
    <Cell ss:StyleID="s70"><Data ss:Type="String">ETA</Data></Cell>
    <Cell ss:StyleID="s72"><Data ss:Type="String">${data.eta}</Data></Cell>
   </Row>
   <Row ss:Index="3" ss:Height="28.5">
    <Cell ss:StyleID="s16"><Data ss:Type="String">Lot No</Data></Cell>
    <Cell ss:StyleID="s16"><Data ss:Type="String">Product Name</Data></Cell>
    <Cell ss:StyleID="s16"><Data ss:Type="String">HS CODE</Data></Cell>
    <Cell ss:StyleID="s16"><Data ss:Type="String">Customs Duties</Data></Cell>
    <Cell ss:StyleID="s16"><Data ss:Type="String">Package type</Data></Cell>
    <Cell ss:StyleID="s16"><Data ss:Type="String">Pallet</Data></Cell>
    <Cell ss:StyleID="s16"><Data ss:Type="String">Pallet weight(KGS)</Data></Cell>
    <Cell ss:StyleID="s16"><Data ss:Type="String">Pallet size</Data></Cell>
    <Cell ss:StyleID="s16"><Data ss:Type="String">Units</Data></Cell>
    <Cell ss:StyleID="s16"><Data ss:Type="String">Gross KGS</Data></Cell>
    <Cell ss:StyleID="s16"><Data ss:Type="String">CBM</Data></Cell>
    <Cell ss:StyleID="s16"><Data ss:Type="String">Net KGS</Data></Cell>
   </Row>
   <#if data.itemList ? has_content>
   <#list data.itemList as item>
   <Row ss:Height="28.5">
    <Cell ss:StyleID="s69"><Data ss:Type="String">${item.lot_no}</Data></Cell>
    <Cell ss:StyleID="s69"><Data ss:Type="String">${item.product_name}</Data></Cell>
    <Cell ss:StyleID="s69"><Data ss:Type="String">${item.hs_code}</Data></Cell>
    <Cell ss:StyleID="s69"><Data ss:Type="String">${item.customs_duties}</Data></Cell>
    <Cell ss:StyleID="s70"><Data ss:Type="String">${item.package_type}</Data></Cell>
    <Cell ss:StyleID="s69"><Data ss:Type="String">${item.pallet}</Data></Cell>
    <Cell ss:StyleID="s69"><Data ss:Type="String">${item.pallet_weight}</Data></Cell>
    <Cell ss:StyleID="s69"><Data ss:Type="String">${item.pallet_size}</Data></Cell>
    <Cell ss:StyleID="s69"><Data ss:Type="String">${item.units}</Data></Cell>
    <Cell ss:StyleID="s69"><Data ss:Type="String">${item.gw}</Data></Cell>
    <Cell ss:StyleID="s69"><Data ss:Type="String">${item.vol}</Data></Cell>
    <Cell ss:StyleID="s69"><Data ss:Type="String">${item.nw}</Data></Cell>
   </Row>
  </#list>
 </#if>
   <Row>
    <Cell ss:StyleID="s21"/>
    <Cell ss:StyleID="s21"/>
    <Cell ss:StyleID="s21"/>
    <Cell ss:StyleID="s21"/>
    <Cell ss:StyleID="s21"/>
    <Cell ss:StyleID="s21"/>
    <Cell ss:StyleID="s21"/>
    <Cell ss:StyleID="s21"/>
    <Cell ss:StyleID="s21"/>
    <Cell ss:StyleID="s21"/>
    <Cell ss:StyleID="s21"/>
   </Row>
  </Table>
  <WorksheetOptions xmlns="urn:schemas-microsoft-com:office:excel">
   <PageSetup>
    <Header x:Margin="0.3"/>
    <Footer x:Margin="0.3"/>
    <PageMargins x:Bottom="0.75" x:Left="0.7" x:Right="0.7" x:Top="0.75"/>
   </PageSetup>
   <Print>
    <ValidPrinterInfo/>
    <PaperSizeIndex>9</PaperSizeIndex>
    <HorizontalResolution>600</HorizontalResolution>
    <VerticalResolution>600</VerticalResolution>
   </Print>
   <Selected/>
   <Panes>
    <Pane>
     <Number>3</Number>
     <ActiveCol>1</ActiveCol>
     <RangeSelection>R1C2:R1C7</RangeSelection>
    </Pane>
   </Panes>
   <ProtectObjects>False</ProtectObjects>
   <ProtectScenarios>False</ProtectScenarios>
  </WorksheetOptions>
 </Worksheet>
</Workbook>
