<?xml version="1.0"?>
<?mso-application progid="Excel.Sheet"?>
<Workbook xmlns="urn:schemas-microsoft-com:office:spreadsheet"
 xmlns:o="urn:schemas-microsoft-com:office:office"
 xmlns:x="urn:schemas-microsoft-com:office:excel"
 xmlns:ss="urn:schemas-microsoft-com:office:spreadsheet"
 xmlns:html="http://www.w3.org/TR/REC-html40">
 <OfficeDocumentSettings xmlns="urn:schemas-microsoft-com:office:office">
  <AllowPNG/>
 </OfficeDocumentSettings>
 <ExcelWorkbook xmlns="urn:schemas-microsoft-com:office:excel">
  <WindowHeight>15720</WindowHeight>
  <WindowWidth>29040</WindowWidth>
  <WindowTopX>32760</WindowTopX>
  <WindowTopY>32760</WindowTopY>
  <ProtectStructure>False</ProtectStructure>
  <ProtectWindows>False</ProtectWindows>
 </ExcelWorkbook>
 <Styles>
  <Style ss:ID="Default" ss:Name="Normal">
   <Alignment ss:Vertical="Bottom"/>
   <Borders/>
   <Font ss:FontName="等线" x:CharSet="134" ss:Size="11" ss:Color="#000000"/>
   <Interior/>
   <NumberFormat/>
   <Protection/>
  </Style>
  <Style ss:ID="m2315856502344">
   <Alignment ss:Horizontal="Left" ss:Vertical="Top" ss:WrapText="1"/>
   <Borders>
    <Border ss:Position="Bottom" ss:LineStyle="Continuous" ss:Weight="1"/>
    <Border ss:Position="Left" ss:LineStyle="Continuous" ss:Weight="1"/>
    <Border ss:Position="Right" ss:LineStyle="Continuous" ss:Weight="1"/>
    <Border ss:Position="Top" ss:LineStyle="Continuous" ss:Weight="1"/>
   </Borders>
   <Font ss:FontName="宋体" x:CharSet="134" ss:Size="10.5"/>
  </Style>
  <Style ss:ID="m2315856501888">
   <Alignment ss:Horizontal="Left" ss:Vertical="Center" ss:WrapText="1"/>
   <Borders>
    <Border ss:Position="Bottom" ss:LineStyle="Continuous" ss:Weight="1"/>
    <Border ss:Position="Left" ss:LineStyle="Continuous" ss:Weight="1"/>
    <Border ss:Position="Right" ss:LineStyle="Continuous" ss:Weight="1"/>
    <Border ss:Position="Top" ss:LineStyle="Continuous" ss:Weight="1"/>
   </Borders>
   <Font ss:FontName="Arial" x:Family="Swiss"/>
  </Style>
  <Style ss:ID="m2315856501908">
   <Alignment ss:Horizontal="Left" ss:Vertical="Center" ss:WrapText="1"/>
   <Borders>
    <Border ss:Position="Bottom" ss:LineStyle="Continuous" ss:Weight="1"/>
    <Border ss:Position="Left" ss:LineStyle="Continuous" ss:Weight="1"/>
    <Border ss:Position="Right" ss:LineStyle="Continuous" ss:Weight="1"/>
    <Border ss:Position="Top" ss:LineStyle="Continuous" ss:Weight="1"/>
   </Borders>
   <Font ss:FontName="Calibri" x:Family="Swiss" ss:Size="10.5" ss:Color="#000000"/>
  </Style>
  <Style ss:ID="s62">
   <Alignment ss:Vertical="Top"/>
  </Style>
  <Style ss:ID="s63">
   <Alignment ss:Vertical="Top"/>
   <Font ss:FontName="Arial" x:Family="Swiss" ss:Size="10.5" ss:Color="#000000"/>
  </Style>
  <Style ss:ID="s64">
   <Alignment ss:Vertical="Top"/>
   <Font ss:FontName="Arial" x:Family="Swiss" ss:Size="10.5" ss:Color="#000000"
    ss:Bold="1"/>
  </Style>
  <Style ss:ID="s65">
   <Alignment ss:Vertical="Top" ss:WrapText="1"/>
   <Font ss:FontName="Arial" x:Family="Swiss" ss:Size="10.5" ss:Color="#000000"/>
  </Style>
  <Style ss:ID="s66">
   <Alignment ss:Vertical="Top"/>
   <Font ss:FontName="Arial" x:Family="Swiss" ss:Size="11" ss:Color="#000000"/>
  </Style>
  <Style ss:ID="s67">
   <Alignment ss:Horizontal="Left" ss:Vertical="Top"/>
   <Font ss:FontName="Arial" x:Family="Swiss" ss:Size="10.5" ss:Color="#000000"
    ss:Bold="1"/>
  </Style>
  <Style ss:ID="s68">
   <Alignment ss:Horizontal="Left" ss:Vertical="Top"/>
   <Borders>
    <Border ss:Position="Top" ss:LineStyle="Continuous" ss:Weight="2"/>
   </Borders>
   <Font ss:FontName="Calibri" x:Family="Swiss" ss:Size="14" ss:Color="#000000"
    ss:Bold="1"/>
  </Style>
  <Style ss:ID="s69">
   <Alignment ss:Vertical="Top"/>
   <Borders>
    <Border ss:Position="Top" ss:LineStyle="Continuous" ss:Weight="2"/>
   </Borders>
  </Style>
  <Style ss:ID="s70">
   <Alignment ss:Horizontal="Center" ss:Vertical="Center" ss:WrapText="1"/>
   <Borders>
    <Border ss:Position="Left" ss:LineStyle="Continuous" ss:Weight="1"/>
    <Border ss:Position="Right" ss:LineStyle="Continuous" ss:Weight="1"/>
    <Border ss:Position="Top" ss:LineStyle="Continuous" ss:Weight="1"/>
   </Borders>
   <Font ss:FontName="Calibri" x:Family="Swiss" ss:Size="10.5" ss:Color="#000000"
    ss:Bold="1"/>
  </Style>
  <Style ss:ID="s71">
   <Alignment ss:Horizontal="Center" ss:Vertical="Top" ss:WrapText="1"/>
   <Borders>
    <Border ss:Position="Bottom" ss:LineStyle="Continuous" ss:Weight="1"/>
    <Border ss:Position="Left" ss:LineStyle="Continuous" ss:Weight="1"/>
    <Border ss:Position="Right" ss:LineStyle="Continuous" ss:Weight="1"/>
    <Border ss:Position="Top" ss:LineStyle="Continuous" ss:Weight="1"/>
   </Borders>
   <Font ss:FontName="Calibri" x:Family="Swiss" ss:Size="10.5" ss:Color="#000000"/>
  </Style>
  <Style ss:ID="s72">
   <Alignment ss:Horizontal="Left" ss:Vertical="Top" ss:WrapText="1"/>
   <Borders>
    <Border ss:Position="Bottom" ss:LineStyle="Continuous" ss:Weight="1"/>
    <Border ss:Position="Left" ss:LineStyle="Continuous" ss:Weight="1"/>
    <Border ss:Position="Right" ss:LineStyle="Continuous" ss:Weight="1"/>
    <Border ss:Position="Top" ss:LineStyle="Continuous" ss:Weight="1"/>
   </Borders>
   <Font ss:FontName="Calibri" x:Family="Swiss" ss:Size="10.5" ss:Color="#000000"
    ss:Bold="1"/>
  </Style>
  <Style ss:ID="s73">
   <Alignment ss:Horizontal="Left" ss:Vertical="Top"/>
   <Font ss:FontName="Calibri" x:Family="Swiss" ss:Size="13.5" ss:Color="#000000"/>
  </Style>
  <Style ss:ID="s74">
   <Alignment ss:Vertical="Top"/>
   <Font ss:FontName="Calibri" x:Family="Swiss" ss:Size="10.5" ss:Color="#000000"
    ss:Bold="1"/>
  </Style>
  <Style ss:ID="s75">
   <Alignment ss:Horizontal="Left" ss:Vertical="Top"/>
   <Font ss:FontName="Calibri" x:Family="Swiss" ss:Size="8" ss:Color="#FF0000"
    ss:Bold="1"/>
  </Style>
  <Style ss:ID="s76">
   <Alignment ss:Horizontal="Center" ss:Vertical="Center" ss:WrapText="1"/>
   <Borders>
    <Border ss:Position="Bottom" ss:LineStyle="Continuous" ss:Weight="1"/>
    <Border ss:Position="Left" ss:LineStyle="Continuous" ss:Weight="1"/>
    <Border ss:Position="Right" ss:LineStyle="Continuous" ss:Weight="1"/>
   </Borders>
   <Font ss:FontName="Calibri" x:Family="Swiss" ss:Size="10.5" ss:Bold="1"/>
  </Style>
  <Style ss:ID="s77">
   <Alignment ss:Horizontal="Center" ss:Vertical="Center" ss:WrapText="1"/>
   <Borders>
    <Border ss:Position="Bottom" ss:LineStyle="Continuous" ss:Weight="1"/>
    <Border ss:Position="Left" ss:LineStyle="Continuous" ss:Weight="1"/>
    <Border ss:Position="Right" ss:LineStyle="Continuous" ss:Weight="1"/>
    <Border ss:Position="Top" ss:LineStyle="Continuous" ss:Weight="1"/>
   </Borders>
   <Font ss:FontName="Arial" x:Family="Swiss"/>
  </Style>
  <Style ss:ID="s78">
   <Alignment ss:Horizontal="Center" ss:Vertical="Center" ss:WrapText="1"/>
   <Borders>
    <Border ss:Position="Bottom" ss:LineStyle="Continuous" ss:Weight="1"/>
    <Border ss:Position="Left" ss:LineStyle="Continuous" ss:Weight="1"/>
    <Border ss:Position="Right" ss:LineStyle="Continuous" ss:Weight="1"/>
    <Border ss:Position="Top" ss:LineStyle="Continuous" ss:Weight="1"/>
   </Borders>
   <Font ss:FontName="Calibri" x:Family="Swiss" ss:Size="11"/>
  </Style>
  <Style ss:ID="s80">
   <Alignment ss:Horizontal="Center" ss:Vertical="Center" ss:WrapText="1"/>
   <Borders>
    <Border ss:Position="Bottom" ss:LineStyle="Continuous" ss:Weight="1"/>
    <Border ss:Position="Left" ss:LineStyle="Continuous" ss:Weight="1"/>
    <Border ss:Position="Right" ss:LineStyle="Continuous" ss:Weight="1"/>
   </Borders>
   <Font ss:FontName="Arial" x:Family="Swiss"/>
  </Style>
  <Style ss:ID="s81">
   <Alignment ss:Horizontal="Center" ss:Vertical="Center" ss:WrapText="1"/>
   <Borders>
    <Border ss:Position="Bottom" ss:LineStyle="Continuous" ss:Weight="1"/>
    <Border ss:Position="Left" ss:LineStyle="Continuous" ss:Weight="1"/>
    <Border ss:Position="Right" ss:LineStyle="Continuous" ss:Weight="1"/>
    <Border ss:Position="Top" ss:LineStyle="Continuous" ss:Weight="1"/>
   </Borders>
   <Font ss:FontName="宋体" x:CharSet="134"/>
  </Style>
  <Style ss:ID="s116">
   <Alignment ss:Horizontal="Left" ss:Vertical="Top" ss:WrapText="1"/>
   <Font ss:FontName="Arial" x:Family="Swiss" ss:Size="10.5"/>
  </Style>
  <Style ss:ID="s117">
   <Alignment ss:Horizontal="Left" ss:Vertical="Top"/>
  </Style>
  <Style ss:ID="s118">
   <Alignment ss:Horizontal="Right" ss:Vertical="Top"/>
   <Borders>
    <Border ss:Position="Bottom" ss:LineStyle="Continuous" ss:Weight="1"/>
   </Borders>
   <Font ss:FontName="Arial" x:Family="Swiss" ss:Size="12" ss:Bold="1"/>
  </Style>
  <Style ss:ID="s119">
   <Alignment ss:Horizontal="Center" ss:Vertical="Top" ss:WrapText="1"/>
   <Font ss:FontName="Arial" x:Family="Swiss" ss:Size="20" ss:Color="#000000"
    ss:Bold="1"/>
  </Style>
  <Style ss:ID="s120">
   <Alignment ss:Horizontal="Center" ss:Vertical="Top"/>
   <Font ss:FontName="Arial" x:Family="Swiss" ss:Size="9" ss:Color="#000000"
    ss:Bold="1"/>
  </Style>
  <Style ss:ID="s121">
   <Alignment ss:Horizontal="Left" ss:Vertical="Top"/>
   <Font ss:FontName="Arial" x:Family="Swiss" ss:Size="10.5"/>
  </Style>
  <Style ss:ID="s122">
   <Alignment ss:Horizontal="Left" ss:Vertical="Top"/>
   <Borders>
    <Border ss:Position="Bottom" ss:LineStyle="Continuous" ss:Weight="2"/>
   </Borders>
   <Font ss:FontName="Arial" x:Family="Swiss" ss:Size="10.5" ss:Color="#000000"
    ss:Bold="1"/>
  </Style>
  <Style ss:ID="s123">
   <Alignment ss:Horizontal="Left" ss:Vertical="Top"/>
   <Borders>
    <Border ss:Position="Top" ss:LineStyle="Continuous" ss:Weight="2"/>
   </Borders>
   <Font ss:FontName="Arial" x:Family="Swiss" ss:Size="10.5" ss:Color="#000000"/>
  </Style>
  <Style ss:ID="s124">
   <Alignment ss:Horizontal="Left" ss:Vertical="Top"/>
   <Font ss:FontName="Calibri" x:Family="Swiss" ss:Size="10.5" ss:Color="#000000"
    ss:Bold="1"/>
  </Style>
  <Style ss:ID="s125">
   <Alignment ss:Horizontal="Left" ss:Vertical="Top"/>
   <Font ss:FontName="Arial" x:Family="Swiss" ss:Size="10.5"/>
  </Style>
  <Style ss:ID="s126">
   <Alignment ss:Horizontal="Left" ss:Vertical="Top"/>
   <Borders>
    <Border ss:Position="Bottom" ss:LineStyle="Continuous" ss:Weight="2"/>
   </Borders>
   <Font ss:FontName="Calibri" x:Family="Swiss" ss:Size="10.5" ss:Color="#000000"
    ss:Bold="1"/>
  </Style>
  <Style ss:ID="s127">
   <Alignment ss:Horizontal="Left" ss:Vertical="Top"/>
   <Borders>
    <Border ss:Position="Top" ss:LineStyle="Continuous" ss:Weight="2"/>
   </Borders>
   <Font ss:FontName="Calibri" x:Family="Swiss" ss:Size="10.5" ss:Color="#000000"
    ss:Bold="1"/>
  </Style>
  <Style ss:ID="s128">
   <Alignment ss:Horizontal="Left" ss:Vertical="Top" ss:WrapText="1"/>
   <Borders>
    <Border ss:Position="Bottom" ss:LineStyle="Continuous" ss:Weight="1"/>
    <Border ss:Position="Left" ss:LineStyle="Continuous" ss:Weight="1"/>
    <Border ss:Position="Right" ss:LineStyle="Continuous" ss:Weight="1"/>
    <Border ss:Position="Top" ss:LineStyle="Continuous" ss:Weight="1"/>
   </Borders>
   <Font ss:FontName="Arial" x:Family="Swiss" ss:Size="10.5"/>
  </Style>
  <Style ss:ID="s130">
   <Alignment ss:Horizontal="Left" ss:Vertical="Top" ss:WrapText="1"/>
   <Font ss:FontName="Calibri" x:Family="Swiss" ss:Size="10.5" ss:Color="#000000"
    ss:Bold="1"/>
  </Style>
  <Style ss:ID="s131">
   <Alignment ss:Horizontal="Center" ss:Vertical="Center" ss:WrapText="1"/>
   <Borders>
    <Border ss:Position="Bottom" ss:LineStyle="Continuous" ss:Weight="1"/>
    <Border ss:Position="Left" ss:LineStyle="Continuous" ss:Weight="1"/>
    <Border ss:Position="Right" ss:LineStyle="Continuous" ss:Weight="1"/>
    <Border ss:Position="Top" ss:LineStyle="Continuous" ss:Weight="1"/>
   </Borders>
   <Font ss:FontName="Calibri" x:Family="Swiss" ss:Size="10.5" ss:Color="#000000"
    ss:Bold="1"/>
  </Style>
  <Style ss:ID="s132">
   <Alignment ss:Horizontal="Center" ss:Vertical="Center" ss:WrapText="1"/>
   <Borders>
    <Border ss:Position="Bottom" ss:LineStyle="Continuous" ss:Weight="1"/>
    <Border ss:Position="Left" ss:LineStyle="Continuous" ss:Weight="1"/>
    <Border ss:Position="Top" ss:LineStyle="Continuous" ss:Weight="1"/>
   </Borders>
   <Font ss:FontName="Calibri" x:Family="Swiss" ss:Size="10.5" ss:Color="#000000"
    ss:Bold="1"/>
  </Style>
  <Style ss:ID="s139">
   <Alignment ss:Horizontal="Left" ss:Vertical="Top" ss:WrapText="1"/>
   <Borders>
    <Border ss:Position="Bottom" ss:LineStyle="Continuous" ss:Weight="1"/>
    <Border ss:Position="Left" ss:LineStyle="Continuous" ss:Weight="1"/>
    <Border ss:Position="Right" ss:LineStyle="Continuous" ss:Weight="1"/>
    <Border ss:Position="Top" ss:LineStyle="Continuous" ss:Weight="1"/>
   </Borders>
   <Font ss:FontName="宋体" x:CharSet="134" ss:Size="10.5"/>
  </Style>
  <Style ss:ID="s140">
   <Alignment ss:Horizontal="Left" ss:Vertical="Top" ss:WrapText="1"/>
   <Borders>
    <Border ss:Position="Bottom" ss:LineStyle="Continuous" ss:Weight="1"/>
    <Border ss:Position="Left" ss:LineStyle="Continuous" ss:Weight="1"/>
    <Border ss:Position="Right" ss:LineStyle="Continuous" ss:Weight="1"/>
    <Border ss:Position="Top" ss:LineStyle="Continuous" ss:Weight="1"/>
   </Borders>
   <Font ss:FontName="Calibri" x:Family="Swiss" ss:Size="10.5"/>
  </Style>
  <Style ss:ID="s141">
   <Alignment ss:Horizontal="Left" ss:Vertical="Top" ss:WrapText="1"/>
   <Borders>
    <Border ss:Position="Bottom" ss:LineStyle="Continuous" ss:Weight="1"/>
    <Border ss:Position="Left" ss:LineStyle="Continuous" ss:Weight="1"/>
    <Border ss:Position="Right" ss:LineStyle="Continuous" ss:Weight="1"/>
    <Border ss:Position="Top" ss:LineStyle="Continuous" ss:Weight="1"/>
   </Borders>
   <Font ss:FontName="Calibri" x:Family="Swiss" ss:Size="10.5" ss:Color="#000000"/>
  </Style>
  <Style ss:ID="s145">
   <Alignment ss:Horizontal="Left" ss:Vertical="Top" ss:WrapText="1"/>
   <Font ss:FontName="Calibri" x:Family="Swiss" ss:Size="10.5"/>
  </Style>
  <Style ss:ID="s146">
   <Alignment ss:Horizontal="Left" ss:Vertical="Top" ss:WrapText="1"/>
   <Font ss:FontName="Calibri" x:Family="Swiss" ss:Size="10.5" ss:Color="#000000"/>
  </Style>
  <Style ss:ID="s147">
   <Alignment ss:Horizontal="Left" ss:Vertical="Top" ss:WrapText="1"/>
   <Borders>
    <Border ss:Position="Top" ss:LineStyle="Continuous" ss:Weight="2"/>
   </Borders>
   <Font ss:FontName="Calibri" x:Family="Swiss" ss:Size="10.5" ss:Color="#000000"
    ss:Bold="1"/>
  </Style>
  <Style ss:ID="s148">
   <Alignment ss:Horizontal="Left" ss:Vertical="Top"/>
   <Font ss:FontName="Calibri" x:Family="Swiss" ss:Size="10.5" ss:Bold="1"/>
  </Style>
  <Style ss:ID="s149">
   <Alignment ss:Horizontal="Left" ss:Vertical="Top"/>
   <Font ss:FontName="Arial" x:Family="Swiss" ss:Bold="1"/>
  </Style>
 </Styles>
 <Worksheet ss:Name="Sheet1">
  <Table x:FullColumns="1" x:FullRows="1" ss:DefaultColumnWidth="54" ss:DefaultRowHeight="14.25">
   <Column ss:Width="271.5"/>
   <Column ss:Width="181.5"/>
   <Column ss:Width="54.75"/>
   <Column ss:Index="5" ss:Width="48.75"/>
   <Column ss:Width="57.75" ss:Span="1"/>
   <Row>
    <Cell ss:MergeAcross="6" ss:MergeDown="1" ss:StyleID="s117"/>
   </Row>
   <Row ss:Index="3" ss:AutoFitHeight="0" ss:Height="16.5">
    <Cell ss:MergeAcross="6" ss:StyleID="s118"><Data ss:Type="String">${data.company_name_en}</Data></Cell>
   </Row>
   <Row ss:Height="26.25">
    <Cell ss:MergeAcross="6" ss:StyleID="s119"><Data ss:Type="String">SALES CONTRACT</Data></Cell>
   </Row>
   <Row>
    <Cell ss:MergeAcross="6" ss:StyleID="s120"><Data ss:Type="String"> </Data></Cell>
   </Row>
   <Row>
    <Cell ss:StyleID="s63"/>
    <Cell ss:StyleID="s63"/>
    <Cell ss:StyleID="s63"/>
    <Cell ss:StyleID="s63"/>
    <Cell ss:MergeAcross="2" ss:StyleID="s121"><Data ss:Type="String">SC NO.:${data.sc_no}</Data></Cell>
   </Row>
   <Row>
    <Cell ss:StyleID="s63"/>
    <Cell ss:StyleID="s63"/>
    <Cell ss:StyleID="s63"/>
    <Cell ss:StyleID="s63"/>
    <Cell ss:MergeAcross="2" ss:StyleID="s121"><Data ss:Type="String">PO NO.:${data.po_no}</Data></Cell>
   </Row>
   <Row>
    <Cell ss:StyleID="s63"/>
    <Cell ss:StyleID="s63"/>
    <Cell ss:StyleID="s63"/>
    <Cell ss:StyleID="s63"/>
    <Cell ss:MergeAcross="2" ss:StyleID="s121"><Data ss:Type="String">Signed at:${data.sign+B40location}</Data></Cell>
   </Row>
   <Row>
    <Cell ss:StyleID="s63"/>
    <Cell ss:StyleID="s63"/>
    <Cell ss:StyleID="s63"/>
    <Cell ss:StyleID="s63"/>
    <Cell ss:MergeAcross="2" ss:StyleID="s121"><Data ss:Type="String">Date:${data.sign_date}</Data></Cell>
   </Row>
   <Row ss:Height="15">
    <Cell ss:MergeAcross="6" ss:StyleID="s122"><Data ss:Type="String">1&#160;Parties</Data></Cell>
   </Row>
   <Row>
    <Cell ss:MergeAcross="6" ss:StyleID="s123"><Data ss:Type="String">This Sales Contract is made on</Data></Cell>
   </Row>
   <Row>
    <Cell ss:StyleID="s64"><Data ss:Type="String">1.1&#160;  The Seller:</Data></Cell>
    <Cell ss:MergeAcross="5" ss:StyleID="s121"><Data ss:Type="String">${data.company_name_en}</Data></Cell>
   </Row>
   <Row>
    <Cell ss:StyleID="s65"/>
    <Cell ss:MergeAcross="5" ss:StyleID="s116"><ss:Data ss:Type="String"
      xmlns="http://www.w3.org/TR/REC-html40">ADD<Font html:Face="宋体"
       x:CharSet="134">＄1�7$</Font><Font>{data.company_address}</Font></ss:Data></Cell>
   </Row>
   <Row>
    <Cell ss:StyleID="s66"/>
    <Cell ss:MergeAcross="5" ss:StyleID="s116"><Data ss:Type="String">TEL: ${data.company_tel} FAX: ${data.company_fax}</Data></Cell>
   </Row>
   <Row>
    <Cell ss:StyleID="s66"/>
    <Cell ss:MergeAcross="5" ss:StyleID="s116"><Data ss:Type="String">VAT NO:${data.company_vat}</Data></Cell>
   </Row>
   <Row>
    <Cell ss:StyleID="s64"><Data ss:Type="String">         Email:</Data></Cell>
    <Cell ss:MergeAcross="5" ss:StyleID="s125"><Data ss:Type="String">${data.company.contacts.email}</Data></Cell>
   </Row>
   <Row>
    <Cell ss:StyleID="s67"><Data ss:Type="String">1.2&#160; The buyer:</Data></Cell>
    <Cell ss:MergeAcross="5" ss:StyleID="s121"><Data ss:Type="String">${data.customer_name}</Data></Cell>
   </Row>
   <Row>
    <Cell ss:StyleID="s65"/>
    <Cell ss:MergeAcross="5" ss:StyleID="s116"><ss:Data ss:Type="String"
      xmlns="http://www.w3.org/TR/REC-html40">ADD<Font html:Face="微软雅黑"
       x:CharSet="134" x:Family="Swiss">＄1�7$</Font><Font>{data.customer_addr}</Font></ss:Data></Cell>
   </Row>
   <Row>
    <Cell ss:StyleID="s66"/>
    <Cell ss:MergeAcross="5" ss:StyleID="s121"><Data ss:Type="String">TEL: ${data.customer_tel} FAX: ${data.customer_fax}</Data></Cell>
   </Row>
   <Row>
    <Cell ss:StyleID="s66"/>
    <Cell ss:MergeAcross="5" ss:StyleID="s121"><Data ss:Type="String">VAT NO:${data.customer_vat}</Data></Cell>
   </Row>
   <Row>
    <Cell ss:StyleID="s64"><Data ss:Type="String">         Email:</Data></Cell>
    <Cell ss:MergeAcross="5" ss:StyleID="s121"><Data ss:Type="String">${data.customer.contracts.email}</Data></Cell>
   </Row>
   <Row>
    <Cell ss:MergeAcross="6" ss:StyleID="s124"/>
   </Row>
   <Row ss:Height="15">
    <Cell ss:MergeAcross="6" ss:StyleID="s126"><Data ss:Type="String">2&#160;Definitions and Interpretation</Data></Cell>
   </Row>
   <Row>
    <Cell ss:MergeAcross="6" ss:StyleID="s127"><ss:Data ss:Type="String"
      xmlns="http://www.w3.org/TR/REC-html40"><B><Font html:Color="#000000">2.1&#160;</Font></B><Font
       html:Color="#000000">A reference to USD, US$, $USD, dollar or $ is a reference to United States currency;</Font></ss:Data></Cell>
   </Row>
   <Row>
    <Cell ss:MergeAcross="6" ss:StyleID="s124"><ss:Data ss:Type="String"
      xmlns="http://www.w3.org/TR/REC-html40"><B><Font html:Color="#000000">2.2&#160;</Font></B><Font
       html:Color="#000000">A reference to time is to Hongkong, China time</Font></ss:Data></Cell>
   </Row>
   <Row>
    <Cell ss:MergeAcross="6" ss:StyleID="s130"><ss:Data ss:Type="String"
      xmlns="http://www.w3.org/TR/REC-html40"><B><Font html:Color="#000000">2.3&#160;</Font></B><Font
       html:Color="#000000">The Terms FOB, CFR or CIF shall be subject to the international rules for the interpretation of Trade Terms(INCOTERMS 2010) provided by International Chamber of Commerce (ICC) unless otherwise stipulated herein.</Font></ss:Data></Cell>
   </Row>
   <Row>
    <Cell ss:MergeAcross="6" ss:StyleID="s124"/>
   </Row>
   <Row ss:Height="15">
    <Cell ss:MergeAcross="6" ss:StyleID="s126"><Data ss:Type="String">3&#160;Name, Specifications Quality and Quantity of Commodity</Data></Cell>
   </Row>
   <Row ss:Height="18.75">
    <Cell ss:StyleID="s68"><Data ss:Type="String"> </Data></Cell>
    <Cell ss:StyleID="s69"/>
    <Cell ss:StyleID="s69"/>
    <Cell ss:StyleID="s69"/>
    <Cell ss:StyleID="s69"/>
    <Cell ss:StyleID="s69"/>
    <Cell ss:StyleID="s69"/>
   </Row>
   <Row>
    <Cell ss:MergeDown="1" ss:StyleID="s131"><Data ss:Type="String">3.1 Commodity name</Data></Cell>
    <Cell ss:MergeDown="1" ss:StyleID="s131"><Data ss:Type="String">3.2 Specification</Data></Cell>
    <Cell ss:MergeDown="1" ss:StyleID="s131"><Data ss:Type="String">3.3 Packing</Data></Cell>
    <Cell ss:MergeDown="1" ss:StyleID="s131"><Data ss:Type="String">3.4 Unit Price</Data></Cell>
    <Cell ss:MergeDown="1" ss:StyleID="s131"><Data ss:Type="String">3.5 Quantity</Data></Cell>
    <Cell ss:MergeDown="1" ss:StyleID="s132"><Data ss:Type="String">3.6 Unit</Data></Cell>
    <Cell ss:StyleID="s70"><Data ss:Type="String">3.7 Amount</Data></Cell>
   </Row>
   <Row ss:Height="28.5">
    <Cell ss:Index="7" ss:StyleID="s76"><Data ss:Type="String">${data.curreny}</Data></Cell>
   </Row>
   <Row ss:Height="25.5">
    <Cell ss:StyleID="s77"><Data ss:Type="String">${line.goods_name}</Data></Cell>
    <Cell ss:StyleID="s78"><Data ss:Type="String">${line.specification}</Data></Cell>
    <Cell ss:StyleID="s77"><ss:Data ss:Type="String"
      xmlns="http://www.w3.org/TR/REC-html40"><Font html:Face="宋体" x:CharSet="134">$</Font><Font>{line.packing}</Font></ss:Data></Cell>
    <Cell ss:StyleID="s77"><ss:Data ss:Type="String"
      xmlns="http://www.w3.org/TR/REC-html40">${line.price}</ss:Data></Cell>
    <Cell ss:StyleID="s77"><ss:Data ss:Type="String"
      xmlns="http://www.w3.org/TR/REC-html40">${line.qty}</ss:Data></Cell>
    <Cell ss:StyleID="s77"><ss:Data ss:Type="String"
      xmlns="http://www.w3.org/TR/REC-html40">${line.unit}</ss:Data></Cell>
    <Cell ss:StyleID="s80"><ss:Data ss:Type="String"
      xmlns="http://www.w3.org/TR/REC-html40">${line.un_tax_amount}</ss:Data></Cell>
   </Row>
   <Row ss:Height="24">
    <Cell ss:MergeAcross="5" ss:StyleID="m2315856501888"><Data ss:Type="String">VAT TAX:${data.tax}%</Data></Cell>
    <Cell ss:StyleID="s81"><Data ss:Type="String">${data.tax_amount}</Data></Cell>
   </Row>
   <Row ss:Height="24">
    <Cell ss:MergeAcross="3" ss:StyleID="m2315856501908"><Data ss:Type="String">Total:</Data></Cell>
    <Cell ss:StyleID="s77" ss:Formula="=SUM(R[-2]C)"><Data ss:Type="Number">0</Data></Cell>
    <Cell ss:StyleID="s81"><Data ss:Type="String">${data.unit}</Data></Cell>
    <Cell ss:StyleID="s81" ss:Formula="=SUM(R[-2]C:R[-1]C)"><Data ss:Type="Number">0</Data></Cell>
   </Row>
   <Row>
    <Cell ss:StyleID="s71"><Data ss:Type="String">Total Amount in words</Data></Cell>
    <Cell ss:MergeAcross="5" ss:StyleID="s139"><Data ss:Type="String">${data.un_tax_amount_words}</Data></Cell>
   </Row>
   <Row>
    <Cell ss:StyleID="s72"><Data ss:Type="String">3.8 Packing Mark</Data></Cell>
    <Cell ss:MergeAcross="5" ss:StyleID="s141"><Data ss:Type="String">as agreed</Data></Cell>
   </Row>
   <Row>
    <Cell ss:StyleID="s72"><Data ss:Type="String">3.9 Time of shipment</Data></Cell>
    <Cell ss:MergeAcross="5" ss:StyleID="s140"><Data ss:Type="String">${data.export_goods_remarks}</Data></Cell>
   </Row>
   <Row>
    <Cell ss:StyleID="s72"><Data ss:Type="String">3.1 Trade Terms</Data></Cell>
    <Cell ss:MergeAcross="5" ss:StyleID="s128"><ss:Data ss:Type="String"
      xmlns="http://www.w3.org/TR/REC-html40"><Font html:Face="宋体" x:CharSet="134">$</Font><Font>{data.trade_terms}</Font></ss:Data></Cell>
   </Row>
   <Row>
    <Cell ss:StyleID="s72"><Data ss:Type="String">3.11 Loading Port/Place</Data></Cell>
    <Cell ss:MergeAcross="5" ss:StyleID="s128"><ss:Data ss:Type="String"
      xmlns="http://www.w3.org/TR/REC-html40"><Font html:Face="宋体" x:CharSet="134">$</Font><Font>{data.load_place}</Font></ss:Data></Cell>
   </Row>
   <Row>
    <Cell ss:StyleID="s72"><Data ss:Type="String">3.12 Type of Shipping</Data></Cell>
    <Cell ss:MergeAcross="5" ss:StyleID="s140"><Data ss:Type="String">${data.type_shipping}</Data></Cell>
   </Row>
   <Row>
    <Cell ss:StyleID="s72"><Data ss:Type="String">3.13 Discharging Port/Place</Data></Cell>
    <Cell ss:MergeAcross="5" ss:StyleID="m2315856502344"><Data ss:Type="String">${data.discharging_place}</Data></Cell>
   </Row>
   <Row>
    <Cell ss:MergeAcross="6" ss:StyleID="s124"/>
   </Row>
   <Row ss:Height="15">
    <Cell ss:MergeAcross="6" ss:StyleID="s126"><ss:Data ss:Type="String"
      xmlns="http://www.w3.org/TR/REC-html40"><B><Font html:Color="#000000">4&#160;Terms of Payment	</Font></B></ss:Data></Cell>
   </Row>
   <Row>
    <Cell ss:MergeAcross="6" ss:StyleID="s127"><ss:Data ss:Type="String"
      xmlns="http://www.w3.org/TR/REC-html40"><B><Font html:Color="#000000">4.1&#160;</Font></B><Font
       html:Color="#000000">Payment term:</Font></ss:Data></Cell>
   </Row>
   <Row>
    <Cell ss:MergeAcross="6" ss:StyleID="s145"><Data ss:Type="String">${data.payment_term}</Data></Cell>
   </Row>
   <Row>
    <Cell ss:MergeAcross="6" ss:StyleID="s124"><ss:Data ss:Type="String"
      xmlns="http://www.w3.org/TR/REC-html40"><B><Font html:Color="#000000">4.2&#160;</Font></B><Font
       html:Color="#000000">Seller's bank details:</Font></ss:Data></Cell>
   </Row>
   <Row>
    <Cell ss:MergeAcross="6" ss:StyleID="s145"><Data ss:Type="String">${data.bank_info}</Data></Cell>
   </Row>
   <Row>
    <Cell ss:MergeAcross="6" ss:StyleID="s124"><ss:Data ss:Type="String"
      xmlns="http://www.w3.org/TR/REC-html40"><B><Font html:Color="#000000">4.3&#160;</Font></B><Font
       html:Color="#000000">Buyer's bank:</Font></ss:Data></Cell>
   </Row>
   <Row>
    <Cell ss:MergeAcross="6" ss:StyleID="s124"/>
   </Row>
   <Row ss:Height="15">
    <Cell ss:MergeAcross="6" ss:StyleID="s126"><ss:Data ss:Type="String"
      xmlns="http://www.w3.org/TR/REC-html40"><B><Font html:Color="#000000">5&#160;Interest	</Font></B></ss:Data></Cell>
   </Row>
   <Row>
    <Cell ss:MergeAcross="6" ss:StyleID="s130"><ss:Data ss:Type="String"
      xmlns="http://www.w3.org/TR/REC-html40"><B><Font html:Color="#000000">5.1&#160;</Font></B><Font
       html:Color="#000000">If any party fails to pay any amount payable by it under this Contract on or before the due date for payment,that party will be liable to pay interest on the outstanding amount in accordance with this clause.</Font></ss:Data></Cell>
   </Row>
   <Row>
    <Cell ss:MergeAcross="6" ss:StyleID="s124"><ss:Data ss:Type="String"
      xmlns="http://www.w3.org/TR/REC-html40"><B><Font html:Color="#000000">5.2&#160;</Font></B><Font
       html:Color="#000000">The applicable rate of interest is 0.1% per day.</Font></ss:Data></Cell>
   </Row>
   <Row>
    <Cell ss:MergeAcross="6" ss:StyleID="s130"><ss:Data ss:Type="String"
      xmlns="http://www.w3.org/TR/REC-html40"><B><Font html:Color="#000000">5.3&#160;</Font></B><Font
       html:Color="#000000">Interest payable under this clause will be calculated on daily balances on the amounts outstanding from the due date for payment of the amount until such amount, together with interest thereon, has been paid in full.</Font></ss:Data></Cell>
   </Row>
   <Row>
    <Cell ss:MergeAcross="6" ss:StyleID="s124"/>
   </Row>
   <Row ss:Height="15">
    <Cell ss:MergeAcross="6" ss:StyleID="s126"><ss:Data ss:Type="String"
      xmlns="http://www.w3.org/TR/REC-html40"><B><Font html:Color="#000000">6&#160;Quality/Quantity   discrepancy	</Font></B></ss:Data></Cell>
   </Row>
   <Row>
    <Cell ss:MergeAcross="6" ss:StyleID="s130"><ss:Data ss:Type="String"
      xmlns="http://www.w3.org/TR/REC-html40"><B><Font html:Color="#000000">6.1&#160;</Font></B><Font
       html:Color="#000000">In case of quality discrepancy, claim should be filed by the Buyer within 30 days after the arrival of the goods at port of destination, while for quantity discrepancy, claim should be filed by the Buyer within 15 days after the arrival of the goods at port of destination. Or else, the quality and quantity meet with the contract requirement.</Font></ss:Data></Cell>
   </Row>
   <Row>
    <Cell ss:MergeAcross="6" ss:StyleID="s146"><ss:Data ss:Type="String"
      xmlns="http://www.w3.org/TR/REC-html40"><Font html:Color="#000000">The product quality shall be based on the certificate of analysis provided by us. If the buyer raises any objection, the buyer shall provide a third-party test report approved by both parties, and the test result shall be the final basis for whether the product is qualified or not. All the related expenses such as testing expenses and freight charges shall be borne by the responsible party.</Font></ss:Data></Cell>
   </Row>
   <Row>
    <Cell ss:MergeAcross="6" ss:StyleID="s130"><ss:Data ss:Type="String"
      xmlns="http://www.w3.org/TR/REC-html40"><B><Font html:Color="#000000">6.2&#160;</Font></B><Font
       html:Color="#000000">To the full extent permitted by law, any warranties regarding the quality of the goods, its fitness for any particular purpose and its merchantability, other than those expressly stated in this Contract, are excluded from and will form no part of this Contract.</Font></ss:Data></Cell>
   </Row>
   <Row>
    <Cell ss:MergeAcross="6" ss:StyleID="s130"><ss:Data ss:Type="String"
      xmlns="http://www.w3.org/TR/REC-html40"><B><Font html:Color="#000000">6.3&#160;</Font></B><Font
       html:Color="#000000">It is understood that the Seller shall not be liable for any discrepancy of the goods shipped due to causes forwhich the Insurance Company, Shipping Company, other Transportation Organization /or Post Office are liable.</Font></ss:Data></Cell>
   </Row>
   <Row>
    <Cell ss:MergeAcross="6" ss:StyleID="s124"/>
   </Row>
   <Row ss:Height="15">
    <Cell ss:MergeAcross="6" ss:StyleID="s126"><ss:Data ss:Type="String"
      xmlns="http://www.w3.org/TR/REC-html40"><B><Font html:Color="#000000">7&#160;Title and risk	</Font></B></ss:Data></Cell>
   </Row>
   <Row>
    <Cell ss:MergeAcross="6" ss:StyleID="s130"><ss:Data ss:Type="String"
      xmlns="http://www.w3.org/TR/REC-html40"><B><Font html:Color="#000000">7.1&#160;</Font></B><Font
       html:Color="#000000">Risk in and possession of the goods delivered by the Seller under the terms of this Contract will pass to the Buyer when the goods is delivered to the Delivery Point (and for the avoidance of doubt, this occurs when the goods passes over the Vessel's rail).</Font></ss:Data></Cell>
   </Row>
   <Row>
    <Cell ss:MergeAcross="6" ss:StyleID="s124"><ss:Data ss:Type="String"
      xmlns="http://www.w3.org/TR/REC-html40"><B><Font html:Color="#000000">7.2&#160;</Font></B><Font
       html:Color="#000000">Title to the goods will pass to the buyer on payment to the Seller in accordance with this contract on time.</Font></ss:Data></Cell>
   </Row>
   <Row>
    <Cell ss:MergeAcross="6" ss:StyleID="s146"><ss:Data ss:Type="String"
      xmlns="http://www.w3.org/TR/REC-html40"><Font html:Color="#000000">If the Seller is not full paid in accordance with this contract, then the Seller shall be entitled to sell the goods to a third party upon whatever terms it sees fit. Any shortfall in revenue from that received from such a sale and that would have derived from the sale in accordance with this Contract, plus any costs and expenses incurred by the Seller arising from the Buyer's default (Revenue Shortfall) shall be a debt due and owing by the Buyer to the Seller and without limitation to any remedy available to the Seller under this Contract or at law.</Font></ss:Data></Cell>
   </Row>
   <Row>
    <Cell ss:MergeAcross="6" ss:StyleID="s124"/>
   </Row>
   <Row ss:Height="15">
    <Cell ss:MergeAcross="6" ss:StyleID="s126"><ss:Data ss:Type="String"
      xmlns="http://www.w3.org/TR/REC-html40"><B><Font html:Color="#000000">8&#160;Liability	</Font></B></ss:Data></Cell>
   </Row>
   <Row>
    <Cell ss:MergeAcross="6" ss:StyleID="s130"><ss:Data ss:Type="String"
      xmlns="http://www.w3.org/TR/REC-html40"><B><Font html:Color="#000000">8.1&#160;</Font></B><Font
       html:Color="#000000">If a party (Affected Party) is unable, wholly or in part, to carry out its obligations under this Contract (other than a payment obligation) as a result of Force Majeure, the obligations are suspended (so far as they are affected) during the period of the Force Majeure.</Font></ss:Data></Cell>
   </Row>
   <Row>
    <Cell ss:MergeAcross="6" ss:StyleID="s146"><ss:Data ss:Type="String"
      xmlns="http://www.w3.org/TR/REC-html40"><Font html:Color="#000000">Force Majeure as referred to in this contract means unforeseeable, unavoidable and insurmountable objective conditions.</Font></ss:Data></Cell>
   </Row>
   <Row>
    <Cell ss:MergeAcross="6" ss:StyleID="s130"><ss:Data ss:Type="String"
      xmlns="http://www.w3.org/TR/REC-html40"><B><Font html:Color="#000000">8.2&#160;</Font></B><Font
       html:Color="#000000">The Affected Party must immediately give the other party notice of the Force Majeure, and take all necessary steps to remedy or remove the Force Majeure, or the effects of it, as quickly as possible (provided that nothing in this clause requires a party to incur expenditure to remedy or remove the Force Majeure if in the Affected Party's opinion the expenditure would not be economically justified).</Font></ss:Data></Cell>
   </Row>
   <Row>
    <Cell ss:MergeAcross="6" ss:StyleID="s146"><ss:Data ss:Type="String"
      xmlns="http://www.w3.org/TR/REC-html40"><Font html:Color="#000000">Once a party find the risk of loss of or damage of the goods, the party should take above mentioned actions. Or else, the party will loss the right to claim damages from the other party.</Font></ss:Data></Cell>
   </Row>
   <Row>
    <Cell ss:MergeAcross="6" ss:StyleID="s130"><ss:Data ss:Type="String"
      xmlns="http://www.w3.org/TR/REC-html40"><B><Font html:Color="#000000">8.3&#160;</Font></B><Font
       html:Color="#000000">Any liability of the Seller shall be limited to the total amount of the purchase price specified in this Contract.</Font></ss:Data></Cell>
   </Row>
   <Row>
    <Cell ss:MergeAcross="6" ss:StyleID="s124"/>
   </Row>
   <Row ss:Height="15">
    <Cell ss:MergeAcross="6" ss:StyleID="s126"><ss:Data ss:Type="String"
      xmlns="http://www.w3.org/TR/REC-html40"><B><Font html:Color="#000000">9&#160;Arbitration	</Font></B></ss:Data></Cell>
   </Row>
   <Row>
    <Cell ss:MergeAcross="6" ss:StyleID="s147"><ss:Data ss:Type="String"
      xmlns="http://www.w3.org/TR/REC-html40"><B><Font html:Color="#000000">9.1&#160;</Font></B><Font
       html:Color="#000000">Arbitration: Any dispute, controversy, difference or claim arising out of or relating to this contract, including the existence, validity, interpretation, performance, breach or termination thereof or any dispute regarding non- contractual obligations arising out of or relating to it shall be referred to and finally resolved by arbitration administered by the Hong Kong International Arbitration Centre (HKIAC) under the HKIAC Administered Arbitration Rules in force when the Notice of Arbitration is submitted.</Font></ss:Data></Cell>
   </Row>
   <Row>
    <Cell ss:MergeAcross="6" ss:StyleID="s124"><ss:Data ss:Type="String"
      xmlns="http://www.w3.org/TR/REC-html40"><B><Font html:Color="#000000">9.2&#160;</Font></B><Font
       html:Color="#000000">This Contract is governed by the law of Hongkong.</Font></ss:Data></Cell>
   </Row>
   <Row>
    <Cell ss:MergeAcross="6" ss:StyleID="s124"/>
   </Row>
   <Row ss:Height="15">
    <Cell ss:MergeAcross="6" ss:StyleID="s126"><ss:Data ss:Type="String"
      xmlns="http://www.w3.org/TR/REC-html40"><B><Font html:Color="#000000">10&#160;Notices	</Font></B></ss:Data></Cell>
   </Row>
   <Row>
    <Cell ss:MergeAcross="6" ss:StyleID="s130"><ss:Data ss:Type="String"
      xmlns="http://www.w3.org/TR/REC-html40"><B><Font html:Color="#000000">10.1&#160;</Font></B><Font
       html:Color="#000000">All notice shall be written in English and served to both parties by fax/e-mail /courier according to the addresses specified on page 1. If any changes of the addresses occur, one party shall inform the other party of the change of address within 2 days after the change.</Font></ss:Data></Cell>
   </Row>
   <Row>
    <Cell ss:MergeAcross="6" ss:StyleID="s124"/>
   </Row>
   <Row ss:Height="15">
    <Cell ss:MergeAcross="6" ss:StyleID="s126"><ss:Data ss:Type="String"
      xmlns="http://www.w3.org/TR/REC-html40"><B><Font html:Color="#000000">11&#160;Miscellaneous</Font><Font
        html:Face="Arial" x:Family="Swiss" html:Color="#000000">	</Font></B></ss:Data></Cell>
   </Row>
   <Row>
    <Cell ss:MergeAcross="6" ss:StyleID="s127"><ss:Data ss:Type="String"
      xmlns="http://www.w3.org/TR/REC-html40"><B><Font html:Color="#000000">11.1&#160;</Font></B><Font
       html:Color="#000000">This Contract is executed in English.</Font></ss:Data></Cell>
   </Row>
   <Row>
    <Cell ss:MergeAcross="6" ss:StyleID="s124"><ss:Data ss:Type="String"
      xmlns="http://www.w3.org/TR/REC-html40"><B><Font html:Color="#000000">11.2&#160;</Font></B><Font
       html:Color="#000000">This Contract is in two duplicates effective since being signed/sealed by both parties.</Font></ss:Data></Cell>
   </Row>
   <Row>
    <Cell ss:MergeAcross="6" ss:StyleID="s124"/>
   </Row>
   <Row ss:Height="15">
    <Cell ss:MergeAcross="6" ss:StyleID="s126"><Data ss:Type="String">${data.other_clause}</Data></Cell>
   </Row>
   <Row>
    <Cell ss:MergeAcross="6" ss:StyleID="s127"/>
   </Row>
   <Row ss:Height="18">
    <Cell ss:StyleID="s73"><Data ss:Type="String"> </Data></Cell>
    <Cell ss:StyleID="s62"/>
    <Cell ss:StyleID="s62"/>
    <Cell ss:StyleID="s62"/>
    <Cell ss:StyleID="s62"/>
    <Cell ss:StyleID="s62"/>
    <Cell ss:StyleID="s62"/>
   </Row>
   <Row>
    <Cell ss:StyleID="s74"><ss:Data ss:Type="String"
      xmlns="http://www.w3.org/TR/REC-html40"><B><Font html:Color="#000000">The Seller</Font><Font
        html:Face="宋体" x:CharSet="134" html:Color="#000000">                                         </Font></B></ss:Data></Cell>
    <Cell ss:StyleID="s62"/>
    <Cell ss:StyleID="s62"/>
    <Cell ss:StyleID="s74"><Data ss:Type="String">The Buyer</Data></Cell>
    <Cell ss:StyleID="s62"/>
    <Cell ss:StyleID="s62"/>
    <Cell ss:StyleID="s74"/>
   </Row>
   <Row>
    <Cell ss:StyleID="s75"/>
    <Cell ss:StyleID="s75"/>
    <Cell ss:StyleID="s62"/>
    <Cell ss:StyleID="s62"/>
    <Cell ss:StyleID="s62"/>
    <Cell ss:StyleID="s62"/>
    <Cell ss:StyleID="s62"/>
   </Row>
   <Row>
    <Cell ss:MergeAcross="2" ss:StyleID="s148"><Data ss:Type="String">${data.company_name}</Data></Cell>
    <Cell ss:MergeAcross="3" ss:StyleID="s149"><Data ss:Type="String">${data.customer_name}</Data></Cell>
   </Row>
  </Table>
  <WorksheetOptions xmlns="urn:schemas-microsoft-com:office:excel">
   <PageSetup>
    <Header x:Margin="0.3"/>
    <Footer x:Margin="0.3"/>
    <PageMargins x:Bottom="0.75" x:Left="0.7" x:Right="0.7" x:Top="0.75"/>
   </PageSetup>
   <Print>
    <ValidPrinterInfo/>
    <PaperSizeIndex>9</PaperSizeIndex>
    <HorizontalResolution>600</HorizontalResolution>
    <VerticalResolution>0</VerticalResolution>
   </Print>
   <Selected/>
   <TopRowVisible>5</TopRowVisible>
   <Panes>
    <Pane>
     <Number>3</Number>
     <ActiveRow>19</ActiveRow>
     <ActiveCol>1</ActiveCol>
     <RangeSelection>R20C2:R20C7</RangeSelection>
    </Pane>
   </Panes>
   <ProtectObjects>False</ProtectObjects>
   <ProtectScenarios>False</ProtectScenarios>
  </WorksheetOptions>
 </Worksheet>
</Workbook>
