<?xml version="1.0"?>
<?mso-application progid="Excel.Sheet"?>
<Workbook xmlns="urn:schemas-microsoft-com:office:spreadsheet"
 xmlns:o="urn:schemas-microsoft-com:office:office"
 xmlns:x="urn:schemas-microsoft-com:office:excel"
 xmlns:dt="uuid:C2F41010-65B3-11d1-A29F-00AA00C14882"
 xmlns:ss="urn:schemas-microsoft-com:office:spreadsheet"
 xmlns:html="http://www.w3.org/TR/REC-html40">
 <OfficeDocumentSettings xmlns="urn:schemas-microsoft-com:office:office">
  <AllowPNG/>
 </OfficeDocumentSettings>
 <ExcelWorkbook xmlns="urn:schemas-microsoft-com:office:excel">
  <WindowHeight>21225</WindowHeight>
  <WindowWidth>32767</WindowWidth>
  <WindowTopX>21495</WindowTopX>
  <WindowTopY>32767</WindowTopY>
  <ProtectStructure>False</ProtectStructure>
  <ProtectWindows>False</ProtectWindows>
 </ExcelWorkbook>
 <Styles>
  <Style ss:ID="Default" ss:Name="Normal">
   <Alignment ss:Vertical="Center"/>
   <Borders/>
   <Font ss:FontName="宋体" x:CharSet="134" ss:Size="11" ss:Color="#000000"/>
   <Interior/>
   <NumberFormat/>
   <Protection/>
  </Style>
  <Style ss:ID="m1270850166728">
   <Alignment ss:Horizontal="Left" ss:Vertical="Top" ss:WrapText="1"/>
   <Borders>
    <Border ss:Position="Left" ss:LineStyle="Continuous" ss:Weight="1"/>
    <Border ss:Position="Right" ss:LineStyle="Continuous" ss:Weight="1"/>
   </Borders>
   <Font ss:FontName="Arial" x:Family="Swiss" ss:Size="11"/>
  </Style>
  <Style ss:ID="m1270850166748">
   <Alignment ss:Horizontal="Left" ss:Vertical="Top" ss:WrapText="1"/>
   <Borders>
    <Border ss:Position="Left" ss:LineStyle="Continuous" ss:Weight="1"/>
    <Border ss:Position="Right" ss:LineStyle="Continuous" ss:Weight="1"/>
   </Borders>
   <Font ss:FontName="Arial" x:Family="Swiss" ss:Size="11"/>
  </Style>
  <Style ss:ID="m1270850166768">
   <Alignment ss:Horizontal="Left" ss:Vertical="Top" ss:WrapText="1"/>
   <Borders>
    <Border ss:Position="Left" ss:LineStyle="Continuous" ss:Weight="1"/>
    <Border ss:Position="Right" ss:LineStyle="Continuous" ss:Weight="1"/>
   </Borders>
   <Font ss:FontName="Arial" x:Family="Swiss" ss:Size="11"/>
  </Style>
  <Style ss:ID="m1270850166788">
   <Alignment ss:Horizontal="Left" ss:Vertical="Top" ss:WrapText="1"/>
   <Borders>
    <Border ss:Position="Left" ss:LineStyle="Continuous" ss:Weight="1"/>
    <Border ss:Position="Right" ss:LineStyle="Continuous" ss:Weight="1"/>
   </Borders>
   <Font ss:FontName="Arial" x:Family="Swiss" ss:Size="11"/>
  </Style>
  <Style ss:ID="m1270850166808">
   <Alignment ss:Horizontal="Left" ss:Vertical="Top" ss:WrapText="1"/>
   <Borders>
    <Border ss:Position="Left" ss:LineStyle="Continuous" ss:Weight="1"/>
    <Border ss:Position="Right" ss:LineStyle="Continuous" ss:Weight="1"/>
   </Borders>
   <Font ss:FontName="Arial" x:Family="Swiss" ss:Size="11"/>
  </Style>
  <Style ss:ID="m1270850166828">
   <Alignment ss:Horizontal="Left" ss:Vertical="Top" ss:WrapText="1"/>
   <Borders>
    <Border ss:Position="Left" ss:LineStyle="Continuous" ss:Weight="1"/>
    <Border ss:Position="Right" ss:LineStyle="Continuous" ss:Weight="1"/>
    <Border ss:Position="Top" ss:LineStyle="Continuous" ss:Weight="1"/>
   </Borders>
   <Font ss:FontName="Arial" x:Family="Swiss" ss:Size="11" ss:Bold="1"/>
  </Style>
  <Style ss:ID="m1270850164672">
   <Alignment ss:Horizontal="Left" ss:Vertical="Top"/>
   <Borders>
    <Border ss:Position="Left" ss:LineStyle="Continuous" ss:Weight="1"/>
    <Border ss:Position="Right" ss:LineStyle="Continuous" ss:Weight="1"/>
    <Border ss:Position="Top" ss:LineStyle="Continuous" ss:Weight="1"/>
   </Borders>
   <Font ss:FontName="Arial" x:Family="Swiss" ss:Size="11"/>
  </Style>
  <Style ss:ID="m1270850164692">
   <Alignment ss:Horizontal="Left" ss:Vertical="Top"/>
   <Borders>
    <Border ss:Position="Left" ss:LineStyle="Continuous" ss:Weight="1"/>
    <Border ss:Position="Right" ss:LineStyle="Continuous" ss:Weight="1"/>
   </Borders>
   <Font ss:FontName="Arial" x:Family="Swiss" ss:Size="11"/>
  </Style>
  <Style ss:ID="m1270850164712">
   <Alignment ss:Horizontal="Left" ss:Vertical="Top"/>
   <Borders>
    <Border ss:Position="Left" ss:LineStyle="Continuous" ss:Weight="1"/>
    <Border ss:Position="Right" ss:LineStyle="Continuous" ss:Weight="1"/>
   </Borders>
   <Font ss:FontName="Arial" x:Family="Swiss" ss:Size="11"/>
  </Style>
  <Style ss:ID="m1270850164732">
   <Alignment ss:Horizontal="Left" ss:Vertical="Top" ss:WrapText="1"/>
   <Borders>
    <Border ss:Position="Left" ss:LineStyle="Continuous" ss:Weight="1"/>
    <Border ss:Position="Right" ss:LineStyle="Continuous" ss:Weight="1"/>
    <Border ss:Position="Top" ss:LineStyle="Continuous" ss:Weight="1"/>
   </Borders>
   <Font ss:FontName="Arial" x:Family="Swiss" ss:Size="11" ss:Bold="1"/>
  </Style>
  <Style ss:ID="m1270850164752">
   <Alignment ss:Horizontal="Left" ss:Vertical="Top" ss:WrapText="1"/>
   <Borders>
    <Border ss:Position="Left" ss:LineStyle="Continuous" ss:Weight="1"/>
    <Border ss:Position="Right" ss:LineStyle="Continuous" ss:Weight="1"/>
   </Borders>
   <Font ss:FontName="Arial" x:Family="Swiss" ss:Size="11"/>
  </Style>
  <Style ss:ID="m1270850165028">
   <Alignment ss:Horizontal="Left" ss:Vertical="Center"/>
   <Borders>
    <Border ss:Position="Bottom" ss:LineStyle="Continuous" ss:Weight="1"/>
    <Border ss:Position="Left" ss:LineStyle="Continuous" ss:Weight="1"/>
    <Border ss:Position="Right" ss:LineStyle="Continuous" ss:Weight="1"/>
   </Borders>
   <Font ss:FontName="Arial" x:Family="Swiss" ss:Size="11"/>
  </Style>
  <Style ss:ID="m1270850165068">
   <Alignment ss:Horizontal="Left" ss:Vertical="Center"/>
   <Borders>
    <Border ss:Position="Left" ss:LineStyle="Continuous" ss:Weight="1"/>
    <Border ss:Position="Right" ss:LineStyle="Continuous" ss:Weight="1"/>
    <Border ss:Position="Top" ss:LineStyle="Continuous" ss:Weight="1"/>
   </Borders>
   <Font ss:FontName="Arial" x:Family="Swiss" ss:Size="11"/>
  </Style>
  <Style ss:ID="m1270850165108">
   <Alignment ss:Horizontal="Left" ss:Vertical="Center"/>
   <Borders>
    <Border ss:Position="Bottom" ss:LineStyle="Continuous" ss:Weight="1"/>
    <Border ss:Position="Left" ss:LineStyle="Continuous" ss:Weight="1"/>
    <Border ss:Position="Right" ss:LineStyle="Continuous" ss:Weight="1"/>
   </Borders>
   <Font ss:FontName="Arial" x:Family="Swiss" ss:Size="11"/>
  </Style>
  <Style ss:ID="m1270850159988">
   <Alignment ss:Horizontal="Left" ss:Vertical="Center"/>
   <Borders>
    <Border ss:Position="Left" ss:LineStyle="Continuous" ss:Weight="1"/>
    <Border ss:Position="Right" ss:LineStyle="Continuous" ss:Weight="1"/>
   </Borders>
   <Font ss:FontName="Arial" x:Family="Swiss" ss:Size="11"/>
  </Style>
  <Style ss:ID="m1270850160028">
   <Alignment ss:Horizontal="Left" ss:Vertical="Center"/>
   <Borders>
    <Border ss:Position="Left" ss:LineStyle="Continuous" ss:Weight="1"/>
    <Border ss:Position="Right" ss:LineStyle="Continuous" ss:Weight="1"/>
   </Borders>
   <Font ss:FontName="Arial" x:Family="Swiss" ss:Size="11"/>
  </Style>
  <Style ss:ID="m1270850160068">
   <Alignment ss:Horizontal="Left" ss:Vertical="Center"/>
   <Borders>
    <Border ss:Position="Left" ss:LineStyle="Continuous" ss:Weight="1"/>
    <Border ss:Position="Right" ss:LineStyle="Continuous" ss:Weight="1"/>
   </Borders>
   <Font ss:FontName="Arial" x:Family="Swiss" ss:Size="11"/>
  </Style>
  <Style ss:ID="m1270905525620">
   <Alignment ss:Horizontal="Left" ss:Vertical="Center"/>
   <Borders>
    <Border ss:Position="Left" ss:LineStyle="Continuous" ss:Weight="1"/>
    <Border ss:Position="Right" ss:LineStyle="Continuous" ss:Weight="1"/>
   </Borders>
   <Font ss:FontName="Arial" x:Family="Swiss" ss:Size="11"/>
  </Style>
  <Style ss:ID="m1270905525660">
   <Alignment ss:Horizontal="Left" ss:Vertical="Center"/>
   <Borders>
    <Border ss:Position="Left" ss:LineStyle="Continuous" ss:Weight="1"/>
    <Border ss:Position="Right" ss:LineStyle="Continuous" ss:Weight="1"/>
   </Borders>
   <Font ss:FontName="Arial" x:Family="Swiss" ss:Size="11"/>
  </Style>
  <Style ss:ID="m1270905525700">
   <Alignment ss:Horizontal="Left" ss:Vertical="Center"/>
   <Borders>
    <Border ss:Position="Left" ss:LineStyle="Continuous" ss:Weight="1"/>
    <Border ss:Position="Right" ss:LineStyle="Continuous" ss:Weight="1"/>
   </Borders>
   <Font ss:FontName="Arial" x:Family="Swiss" ss:Size="11"/>
  </Style>
  <Style ss:ID="m1270904780644">
   <Alignment ss:Horizontal="Left" ss:Vertical="Center"/>
   <Borders>
    <Border ss:Position="Left" ss:LineStyle="Continuous" ss:Weight="1"/>
    <Border ss:Position="Right" ss:LineStyle="Continuous" ss:Weight="1"/>
   </Borders>
   <Font ss:FontName="Arial" x:Family="Swiss" ss:Size="11"/>
  </Style>
  <Style ss:ID="m1270904780684">
   <Alignment ss:Horizontal="Left" ss:Vertical="Center"/>
   <Borders>
    <Border ss:Position="Left" ss:LineStyle="Continuous" ss:Weight="1"/>
    <Border ss:Position="Right" ss:LineStyle="Continuous" ss:Weight="1"/>
    <Border ss:Position="Top" ss:LineStyle="Continuous" ss:Weight="1"/>
   </Borders>
   <Font ss:FontName="Arial" x:Family="Swiss" ss:Size="11" ss:Color="#000000"
    ss:Bold="1"/>
  </Style>
  <Style ss:ID="m1270904780744">
   <Alignment ss:Horizontal="Left" ss:Vertical="Center"/>
   <Borders>
    <Border ss:Position="Left" ss:LineStyle="Continuous" ss:Weight="1"/>
    <Border ss:Position="Right" ss:LineStyle="Continuous" ss:Weight="1"/>
   </Borders>
   <Font ss:FontName="Arial" x:Family="Swiss" ss:Size="11"/>
  </Style>
  <Style ss:ID="m1270904779952">
   <Alignment ss:Horizontal="Left" ss:Vertical="Top" ss:WrapText="1"/>
   <Borders>
    <Border ss:Position="Left" ss:LineStyle="Continuous" ss:Weight="1"/>
    <Border ss:Position="Right" ss:LineStyle="Continuous" ss:Weight="1"/>
   </Borders>
   <Font ss:FontName="Arial" x:Family="Swiss" ss:Size="11" ss:Bold="1"/>
  </Style>
  <Style ss:ID="m1270904779972">
   <Alignment ss:Horizontal="Center" ss:Vertical="Center" ss:WrapText="1"/>
   <Borders>
    <Border ss:Position="Bottom" ss:LineStyle="Continuous" ss:Weight="1"/>
    <Border ss:Position="Left" ss:LineStyle="Continuous" ss:Weight="1"/>
    <Border ss:Position="Right" ss:LineStyle="Continuous" ss:Weight="1"/>
    <Border ss:Position="Top" ss:LineStyle="Continuous" ss:Weight="1"/>
   </Borders>
   <Font ss:FontName="Arial" x:Family="Swiss" ss:Size="9" ss:Bold="1"/>
  </Style>
  <Style ss:ID="m1270904779992">
   <Alignment ss:Horizontal="Center" ss:Vertical="Center" ss:WrapText="1"/>
   <Borders>
    <Border ss:Position="Bottom" ss:LineStyle="Continuous" ss:Weight="1"/>
    <Border ss:Position="Left" ss:LineStyle="Continuous" ss:Weight="1"/>
    <Border ss:Position="Right" ss:LineStyle="Continuous" ss:Weight="1"/>
    <Border ss:Position="Top" ss:LineStyle="Continuous" ss:Weight="1"/>
   </Borders>
   <Font ss:FontName="Arial" x:Family="Swiss"/>
  </Style>
  <Style ss:ID="m1270904780052">
   <Alignment ss:Horizontal="Left" ss:Vertical="Top" ss:WrapText="1"/>
   <Borders>
    <Border ss:Position="Left" ss:LineStyle="Continuous" ss:Weight="1"/>
    <Border ss:Position="Right" ss:LineStyle="Continuous" ss:Weight="1"/>
   </Borders>
   <Font ss:FontName="Arial" x:Family="Swiss" ss:Size="11"/>
  </Style>
  <Style ss:ID="m1270904780092">
   <Alignment ss:Horizontal="Left" ss:Vertical="Top"/>
   <Borders>
    <Border ss:Position="Bottom" ss:LineStyle="Continuous" ss:Weight="1"/>
    <Border ss:Position="Right" ss:LineStyle="Continuous" ss:Weight="1"/>
   </Borders>
   <Font ss:FontName="Arial" x:Family="Swiss" ss:Size="11"/>
  </Style>
  <Style ss:ID="s18">
   <Alignment ss:Vertical="Top"/>
   <Font ss:FontName="Arial" x:Family="Swiss" ss:Size="11" ss:Color="#000000"/>
  </Style>
  <Style ss:ID="s20">
   <Alignment ss:Horizontal="Right" ss:Vertical="Center"/>
   <Font ss:FontName="Arial" x:Family="Swiss" ss:Size="11" ss:Color="#FF0000"/>
  </Style>
  <Style ss:ID="s21">
   <Alignment ss:Vertical="Center" ss:WrapText="1"/>
   <Font ss:FontName="Arial" x:Family="Swiss" ss:Size="11" ss:Color="#FF0000"/>
  </Style>
  <Style ss:ID="s25">
   <Alignment ss:Horizontal="Right" ss:Vertical="Center"/>
   <Font ss:FontName="Arial" x:Family="Swiss" ss:Size="11" ss:Color="#000000"/>
  </Style>
  <Style ss:ID="s26">
   <Alignment ss:Vertical="Top"/>
   <Font ss:FontName="宋体" x:CharSet="134" ss:Size="11" ss:Color="#FF0000"/>
  </Style>
  <Style ss:ID="s27">
   <Alignment ss:Vertical="Top"/>
   <Font ss:FontName="Arial" x:Family="Swiss" ss:Size="11" ss:Color="#FF0000"/>
  </Style>
  <Style ss:ID="s30">
   <Alignment ss:Horizontal="Center" ss:Vertical="Center" ss:WrapText="1"/>
   <Borders>
    <Border ss:Position="Bottom" ss:LineStyle="Continuous" ss:Weight="1"/>
    <Border ss:Position="Left" ss:LineStyle="Continuous" ss:Weight="1"/>
    <Border ss:Position="Right" ss:LineStyle="Continuous" ss:Weight="1"/>
    <Border ss:Position="Top" ss:LineStyle="Continuous" ss:Weight="1"/>
   </Borders>
   <Font ss:FontName="Arial" x:Family="Swiss" ss:Size="9" ss:Bold="1"/>
  </Style>
  <Style ss:ID="s31">
   <Alignment ss:Horizontal="Center" ss:Vertical="Center" ss:WrapText="1"/>
   <Borders>
    <Border ss:Position="Bottom" ss:LineStyle="Continuous" ss:Weight="1"/>
    <Border ss:Position="Left" ss:LineStyle="Continuous" ss:Weight="1"/>
    <Border ss:Position="Right" ss:LineStyle="Continuous" ss:Weight="1"/>
    <Border ss:Position="Top" ss:LineStyle="Continuous" ss:Weight="1"/>
   </Borders>
   <Font ss:FontName="Arial" x:Family="Swiss"/>
  </Style>
  <Style ss:ID="s32">
   <Alignment ss:Horizontal="Center" ss:Vertical="Center" ss:WrapText="1"/>
   <Borders>
    <Border ss:Position="Left" ss:LineStyle="Continuous" ss:Weight="1"/>
    <Border ss:Position="Right" ss:LineStyle="Continuous" ss:Weight="1"/>
    <Border ss:Position="Top" ss:LineStyle="Continuous" ss:Weight="1"/>
   </Borders>
   <Font ss:FontName="Arial" x:Family="Swiss"/>
  </Style>
  <Style ss:ID="s33">
   <Alignment ss:Horizontal="Center" ss:Vertical="Center" ss:WrapText="1"/>
   <Borders>
    <Border ss:Position="Left" ss:LineStyle="Continuous" ss:Weight="1"/>
    <Border ss:Position="Right" ss:LineStyle="Continuous" ss:Weight="1"/>
    <Border ss:Position="Top" ss:LineStyle="Continuous" ss:Weight="1"/>
   </Borders>
   <Font ss:FontName="Arial" x:Family="Swiss" ss:Size="11"/>
  </Style>
  <Style ss:ID="s121">
   <Alignment ss:Horizontal="Left" ss:Vertical="Top" ss:WrapText="1"/>
   <Borders>
    <Border ss:Position="Left" ss:LineStyle="Continuous" ss:Weight="1"/>
   </Borders>
   <Font ss:FontName="Arial" x:Family="Swiss" ss:Size="11"/>
  </Style>
  <Style ss:ID="s123">
   <Alignment ss:Horizontal="Left" ss:Vertical="Top"/>
   <Font ss:FontName="Arial" x:Family="Swiss" ss:Size="11"/>
   <Borders>
    <Border ss:Position="Right" ss:LineStyle="Continuous" ss:Weight="1"/>
   </Borders>
  </Style>
  <Style ss:ID="s126">
   <Alignment ss:Horizontal="Left" ss:Vertical="Top" ss:WrapText="1"/>
   <Borders>
    <Border ss:Position="Bottom" ss:LineStyle="Continuous" ss:Weight="1"/>
    <Border ss:Position="Left" ss:LineStyle="Continuous" ss:Weight="1"/>
   </Borders>
   <Font ss:FontName="Arial" x:Family="Swiss" ss:Size="11"/>
  </Style>
  <Style ss:ID="s130">
   <Alignment ss:Horizontal="Left" ss:Vertical="Center"/>
   <Borders>
    <Border ss:Position="Bottom" ss:LineStyle="Continuous" ss:Weight="1"/>
    <Border ss:Position="Left" ss:LineStyle="Continuous" ss:Weight="1"/>
   </Borders>
   <Font ss:FontName="Arial" x:Family="Swiss" ss:Size="11"/>
  </Style>
  <Style ss:ID="s132">
   <Alignment ss:Horizontal="Left" ss:Vertical="Center"/>
   <Borders>
    <Border ss:Position="Left" ss:LineStyle="Continuous" ss:Weight="1"/>
   </Borders>
   <Font ss:FontName="Arial" x:Family="Swiss" ss:Size="11"/>
  </Style>
  <Style ss:ID="s135">
   <Alignment ss:Horizontal="Left" ss:Vertical="Center"/>
   <Borders>
    <Border ss:Position="Left" ss:LineStyle="Continuous" ss:Weight="1"/>
    <Border ss:Position="Top" ss:LineStyle="Continuous" ss:Weight="1"/>
   </Borders>
   <Font ss:FontName="Arial" x:Family="Swiss" ss:Size="11" ss:Color="#000000"/>
  </Style>
  <Style ss:ID="s143">
   <Alignment ss:Horizontal="Left" ss:Vertical="Center"/>
   <Borders>
    <Border ss:Position="Left" ss:LineStyle="Continuous" ss:Weight="1"/>
    <Border ss:Position="Top" ss:LineStyle="Continuous" ss:Weight="1"/>
   </Borders>
   <Font ss:FontName="Arial" x:Family="Swiss" ss:Size="11"/>
  </Style>
  <Style ss:ID="s150">
   <Alignment ss:Horizontal="Left" ss:Vertical="Top"/>
   <Borders>
    <Border ss:Position="Left" ss:LineStyle="Continuous" ss:Weight="1"/>
   </Borders>
   <Font ss:FontName="Arial" x:Family="Swiss" ss:Size="11"/>
  </Style>
  <Style ss:ID="s154">
   <Alignment ss:Horizontal="Left" ss:Vertical="Top"/>
   <Font ss:FontName="Arial" x:Family="Swiss" ss:Size="11"/>
   <Borders>
    <Border ss:Position="Right" ss:LineStyle="Continuous" ss:Weight="1"/>
   </Borders>
  </Style>
 </Styles>
 <Worksheet ss:Name="Booking Note">
  <Names>
   <NamedRange ss:Name="Print_Area" ss:RefersTo="='Booking Note'!R1C1:R38C7"/>
  </Names>
  <Table x:FullColumns="1"
         x:FullRows="1" ss:StyleID="s18" ss:DefaultColumnWidth="54"
         ss:DefaultRowHeight="14.25">
   <Column ss:StyleID="s18" ss:AutoFitWidth="0" ss:Width="87.75" ss:Span="1"/>
   <Column ss:Index="3" ss:StyleID="s18" ss:AutoFitWidth="0" ss:Width="75"/>
   <Column ss:StyleID="s18" ss:AutoFitWidth="0" ss:Width="75.75"/>
   <Column ss:StyleID="s18" ss:AutoFitWidth="0" ss:Width="51.75"/>
   <Column ss:StyleID="s18" ss:Width="61.5"/>
   <Column ss:StyleID="s18" ss:AutoFitWidth="0" ss:Width="81.75"/>
   <Row>
    <Cell ss:MergeAcross="2" ss:StyleID="s135"><Data ss:Type="String">Shipper:</Data><NamedCell
      ss:Name="Print_Area"/></Cell>
    <Cell ss:MergeAcross="3" ss:MergeDown="1" ss:StyleID="m1270904780684"><Data
      ss:Type="String">Booking Note</Data><NamedCell ss:Name="Print_Area"/></Cell>
   </Row>
   <Row>
    <Cell ss:MergeAcross="2" ss:StyleID="s135"><Data ss:Type="String">${data.shipper_name}</Data><NamedCell
      ss:Name="Print_Area"/></Cell>
   </Row>
   <Row ss:AutoFitHeight="0">
    <Cell ss:MergeAcross="2" ss:StyleID="s143"><Data ss:Type="String">${data.shipper_addr}</Data><NamedCell
      ss:Name="Print_Area"/></Cell>
    <Cell ss:MergeAcross="3" ss:StyleID="m1270904780744"><Data ss:Type="String">SP NO.:${data.sp_no}</Data><NamedCell
      ss:Name="Print_Area"/></Cell>
   </Row>
   <Row ss:AutoFitHeight="0">
    <Cell ss:MergeAcross="2" ss:StyleID="s130"><Data ss:Type="String">TEL:${data.shipper_phone}</Data><NamedCell
      ss:Name="Print_Area"/></Cell>
    <Cell ss:MergeAcross="3" ss:StyleID="m1270904780644"><Data ss:Type="String">TAX ID:${data.tax_id}</Data><NamedCell
      ss:Name="Print_Area"/></Cell>
   </Row>
   <Row>
    <Cell ss:MergeAcross="2" ss:StyleID="s130"><Data ss:Type="String">FAX:${data.shipper_fax}</Data><NamedCell
      ss:Name="Print_Area"/></Cell>
    <Cell ss:MergeAcross="3" ss:StyleID="m1270905525620"><Data ss:Type="String">Contacts</Data><NamedCell
      ss:Name="Print_Area"/></Cell>
   </Row>
   <Row>
    <Cell ss:MergeAcross="2" ss:StyleID="s143"><Data ss:Type="String">Consignee:</Data><NamedCell
      ss:Name="Print_Area"/></Cell>
    <Cell ss:MergeAcross="3" ss:StyleID="m1270905525660"><Data ss:Type="String">Document Operation:</Data><NamedCell
      ss:Name="Print_Area"/></Cell>
   </Row>
   <Row>
    <Cell ss:MergeAcross="2" ss:StyleID="s132"><Data ss:Type="String">${data.consignee_name}</Data><NamedCell
      ss:Name="Print_Area"/></Cell>
    <Cell ss:MergeAcross="3" ss:StyleID="m1270905525700"><Data ss:Type="String">${data.doc_operation},${data.doc_email}</Data><NamedCell
      ss:Name="Print_Area"/></Cell>
   </Row>
   <Row>
    <Cell ss:MergeAcross="2" ss:StyleID="s132"><Data ss:Type="String">${data.consignee_addr}</Data><NamedCell
      ss:Name="Print_Area"/></Cell>
    <Cell ss:MergeAcross="3" ss:StyleID="m1270850159988"><Data ss:Type="String">Sourcing:</Data><NamedCell
      ss:Name="Print_Area"/></Cell>
   </Row>
   <Row>
    <Cell ss:MergeAcross="2" ss:StyleID="s143"><Data ss:Type="String">Notify Party:</Data><NamedCell
      ss:Name="Print_Area"/></Cell>
    <Cell ss:MergeAcross="3" ss:StyleID="m1270850160028"><Data ss:Type="String">${data.sourcing}</Data><NamedCell
      ss:Name="Print_Area"/></Cell>
    <Cell ss:StyleID="s20"/>
    <Cell ss:StyleID="s26"/>
   </Row>
   <Row>
    <Cell ss:MergeAcross="2" ss:StyleID="s132"><Data ss:Type="String">${data.notifier}</Data><NamedCell
      ss:Name="Print_Area"/></Cell>
    <Cell ss:MergeAcross="3" ss:StyleID="m1270850160068"><Data ss:Type="String">Supply Planner:</Data><NamedCell
      ss:Name="Print_Area"/></Cell>
   </Row>
   <Row>
    <Cell ss:MergeAcross="2" ss:StyleID="s132"><Data ss:Type="String">${data.notifier_addr}</Data><NamedCell
      ss:Name="Print_Area"/></Cell>
    <Cell ss:MergeAcross="3" ss:StyleID="m1270850165028"><Data ss:Type="String">${data.supply_planner}</Data><NamedCell
      ss:Name="Print_Area"/></Cell>
    <Cell ss:StyleID="s20"/>
    <Cell ss:StyleID="s26"/>
   </Row>
   <Row>
    <Cell ss:MergeAcross="2" ss:StyleID="s143"><Data ss:Type="String">Departure port:</Data><NamedCell
      ss:Name="Print_Area"/></Cell>
    <Cell ss:MergeAcross="3" ss:StyleID="m1270850165068"><Data ss:Type="String">Port of Destination:</Data><NamedCell
      ss:Name="Print_Area"/></Cell>
   </Row>
   <Row>
    <Cell ss:MergeAcross="2" ss:StyleID="s130"><Data ss:Type="String">${data.loading_port}</Data><NamedCell
      ss:Name="Print_Area"/></Cell>
    <Cell ss:MergeAcross="3" ss:StyleID="m1270850165108"><Data ss:Type="String">${data.destinationport}</Data><NamedCell
      ss:Name="Print_Area"/></Cell>
   </Row>
   <Row ss:AutoFitHeight="0" ss:Height="37.5">
    <Cell ss:StyleID="s30"><Data ss:Type="String">DESCRIPTION&#10;OF GOODS</Data><NamedCell
      ss:Name="Print_Area"/></Cell>
    <Cell ss:StyleID="s30"><Data ss:Type="String">MARKS &amp; NOS</Data><NamedCell
      ss:Name="Print_Area"/></Cell>
    <Cell ss:StyleID="s30"><Data ss:Type="String">PKG INFO&#10;&amp; N.W.</Data><NamedCell
      ss:Name="Print_Area"/></Cell>
    <Cell ss:StyleID="s30"><Data ss:Type="String">G.W. &amp; MEASUREMENT</Data><NamedCell
      ss:Name="Print_Area"/></Cell>
    <Cell ss:StyleID="s30"><Data ss:Type="String">WITH&#10;PALLET</Data><NamedCell
      ss:Name="Print_Area"/></Cell>
    <Cell ss:StyleID="s30"><Data ss:Type="String">DG &amp;&#10;UN NO.</Data><NamedCell
      ss:Name="Print_Area"/></Cell>
    <Cell ss:StyleID="s30"><Data ss:Type="String">HS CODE&#10;(FOR BOOKING)</Data><NamedCell
      ss:Name="Print_Area"/></Cell>
   </Row>
   <#if data.itemList ? has_content>
   <#list data.itemList as item>
   <Row ss:AutoFitHeight="0" ss:Height="92.4375">
    <Cell ss:StyleID="s31"><Data ss:Type="String">${item.description}</Data><NamedCell
      ss:Name="Print_Area"/></Cell>
    <Cell ss:StyleID="s31"><Data ss:Type="String">${item.marks}</Data><NamedCell
      ss:Name="Print_Area"/></Cell>
    <Cell ss:StyleID="s31"><Data ss:Type="String">${item.pkg_info}KG</Data><NamedCell
      ss:Name="Print_Area"/></Cell>
    <Cell ss:StyleID="s31"><Data ss:Type="String">${item.gw}KG&#10;${item.vol}CBM</Data><NamedCell
      ss:Name="Print_Area"/></Cell>
    <Cell ss:StyleID="s31"><Data ss:Type="String">${item.pallet}</Data><NamedCell
      ss:Name="Print_Area"/></Cell>
    <Cell ss:StyleID="s31"><Data ss:Type="String">${item.un_no}</Data><NamedCell
      ss:Name="Print_Area"/></Cell>
    <Cell ss:StyleID="s31"><Data ss:Type="String">${item.hs_code}</Data><NamedCell
      ss:Name="Print_Area"/></Cell>
    <Cell ss:StyleID="s20"/>
    <Cell ss:StyleID="s21"/>
   </Row>
    </#list>
   </#if>
   <Row ss:AutoFitHeight="0" ss:Height="23.4375">
    <Cell ss:StyleID="s32"><NamedCell ss:Name="Print_Area"/></Cell>
    <Cell ss:StyleID="s33"><NamedCell ss:Name="Print_Area"/></Cell>
    <Cell ss:StyleID="s32"><Data ss:Type="String">TOTAL:</Data><NamedCell
      ss:Name="Print_Area"/></Cell>
    <Cell ss:StyleID="s31"><Data ss:Type="String">${data.sumGw}KG&#10;${data.sumVol}CBM</Data><NamedCell
         ss:Name="Print_Area"/></Cell>
    <Cell ss:StyleID="s32"><NamedCell ss:Name="Print_Area"/></Cell>
    <Cell ss:StyleID="s32"><NamedCell ss:Name="Print_Area"/></Cell>
    <Cell ss:StyleID="s32"><NamedCell ss:Name="Print_Area"/></Cell>
    <Cell ss:StyleID="s20"/>
    <Cell ss:StyleID="s21"/>
   </Row>
   <Row>
    <Cell ss:MergeAcross="6" ss:StyleID="m1270850164672"><Data ss:Type="String">Label:${data.laber}</Data><NamedCell
      ss:Name="Print_Area"/></Cell>
    <Cell ss:StyleID="s20"/>
   </Row>
   <Row ss:AutoFitHeight="0" ss:Height="27.9375">
    <Cell ss:MergeAcross="6" ss:StyleID="m1270850164692"><Data ss:Type="String">Label Details:${data.label_detail}</Data><NamedCell
      ss:Name="Print_Area"/></Cell>
   </Row>
   <Row ss:AutoFitHeight="0" ss:Height="27.5625">
    <Cell ss:MergeAcross="6" ss:StyleID="m1270850164712"><Data ss:Type="String">Photos Requirements:${data.photo_req} ${data.photo_req_remark}</Data><NamedCell
      ss:Name="Print_Area"/></Cell>
   </Row>
   <Row ss:Height="15">
    <Cell ss:MergeAcross="6" ss:StyleID="m1270850164732"><Data ss:Type="String">Shipping Date Requirements</Data><NamedCell
      ss:Name="Print_Area"/></Cell>
   </Row>
   <Row>
    <Cell ss:MergeAcross="6" ss:StyleID="m1270850164752"><Data ss:Type="String">Latest shipping date:${data.latest_shipping_date}&#10;</Data><NamedCell
      ss:Name="Print_Area"/></Cell>
   </Row>
   <Row>
    <Cell ss:MergeAcross="6" ss:StyleID="m1270850166768"><Data ss:Type="String">Pick Up Date:${data.pick_date}&#10;</Data><NamedCell
      ss:Name="Print_Area"/></Cell>
   </Row>
   <Row>
    <Cell ss:MergeAcross="6" ss:StyleID="m1270850166788"><Data ss:Type="String">L/C or Not L/C:${data.is_lc}&#10;</Data><NamedCell
      ss:Name="Print_Area"/></Cell>
   </Row>
   <Row>
    <Cell ss:MergeAcross="6" ss:StyleID="m1270850166808"><Data ss:Type="String">Trade Terms:${data.trade_terms}&#10;</Data><NamedCell
      ss:Name="Print_Area"/></Cell>
   </Row>
   <Row ss:AutoFitHeight="0" ss:Height="14.0625">
    <Cell ss:MergeAcross="6" ss:StyleID="m1270850166828"><Data ss:Type="String">Shipping Companies Requirements</Data><NamedCell
      ss:Name="Print_Area"/></Cell>
   </Row>
   <Row ss:AutoFitHeight="0" ss:Height="14.0625">
    <Cell ss:MergeAcross="2" ss:StyleID="s150"><Data ss:Type="String">Transportation:${data.shipping_method}</Data><NamedCell
      ss:Name="Print_Area"/></Cell>
    <Cell ss:MergeAcross="3" ss:StyleID="s154"><Data ss:Type="String">Container:${data.qty_type}</Data><NamedCell
      ss:Name="Print_Area"/></Cell>
    <Cell ss:StyleID="s20"/>
   </Row>
   <Row ss:AutoFitHeight="0" ss:Height="14.0625">
    <Cell ss:MergeAcross="2" ss:StyleID="s121"><Data ss:Type="String">Transportation route:${data.route}&#10;</Data><NamedCell
      ss:Name="Print_Area"/></Cell>
    <Cell ss:MergeAcross="3" ss:StyleID="s123"><Data ss:Type="String">Certificate:${data.certificate}</Data><NamedCell
      ss:Name="Print_Area"/></Cell>
   </Row>
   <Row ss:AutoFitHeight="0" ss:Height="14.0625">
    <Cell ss:MergeAcross="6" ss:StyleID="m1270850166748"><Data ss:Type="String">Free demurrage:${data.box_free_date}${data.free_remark}&#10;</Data><NamedCell
      ss:Name="Print_Area"/></Cell>
   </Row>
   <Row ss:AutoFitHeight="0" ss:Height="14.0625">
    <Cell ss:MergeAcross="2" ss:StyleID="s121"><Data ss:Type="String">Tax No. of Consignee :${data.consignee_tax}&#10;</Data><NamedCell
      ss:Name="Print_Area"/></Cell>
    <Cell ss:MergeAcross="3" ss:StyleID="s123"><Data ss:Type="String">Tax No. of Notify Party:${data.notifier_tax}</Data><NamedCell
      ss:Name="Print_Area"/></Cell>
   </Row>
   <Row ss:AutoFitHeight="0" ss:Height="14.0625">
    <Cell ss:MergeAcross="6" ss:StyleID="m1270850166728"><Data ss:Type="String">Other Request :${data.other_req}&#10;</Data><NamedCell
      ss:Name="Print_Area"/></Cell>
   </Row>
   <Row ss:AutoFitHeight="0" ss:Height="14.0625">
    <Cell ss:MergeAcross="6" ss:StyleID="m1270904780052"><Data ss:Type="String">B/L Display Requirements:${data.bl_req}&#10;</Data><NamedCell
      ss:Name="Print_Area"/></Cell>
   </Row>
   <Row>
    <Cell ss:MergeAcross="2" ss:StyleID="s126"><Data ss:Type="String">Signing Method:${data.signway}&#10;</Data><NamedCell
      ss:Name="Print_Area"/></Cell>
    <Cell ss:MergeAcross="3" ss:StyleID="m1270904780092"><Data ss:Type="String">B/L Type:${data.boltype}</Data><NamedCell
      ss:Name="Print_Area"/></Cell>
   </Row>
   <Row ss:AutoFitHeight="0" ss:Height="14.0625">
    <Cell ss:MergeAcross="6" ss:StyleID="m1270904779952"><Data ss:Type="String">Puchase Message</Data><NamedCell
      ss:Name="Print_Area"/></Cell>
   </Row>
   <Row ss:Height="24">
    <Cell ss:StyleID="s30"><Data ss:Type="String">Description&#10;Of Goods</Data><NamedCell
      ss:Name="Print_Area"/></Cell>
    <Cell ss:StyleID="s30"><Data ss:Type="String">Puchase&#10;Currency</Data><NamedCell
      ss:Name="Print_Area"/></Cell>
    <Cell ss:StyleID="s30"><Data ss:Type="String">Trade Terms</Data><NamedCell
      ss:Name="Print_Area"/></Cell>
    <Cell ss:MergeAcross="1" ss:StyleID="m1270904779972"><Data ss:Type="String">Pick Up Address</Data><NamedCell
      ss:Name="Print_Area"/></Cell>
    <Cell ss:StyleID="s30"><Data ss:Type="String">Contacts</Data><NamedCell
      ss:Name="Print_Area"/></Cell>
    <Cell ss:StyleID="s30"><Data ss:Type="String">Truck&#10;Requirements</Data><NamedCell
      ss:Name="Print_Area"/></Cell>
   </Row>
  <#if data.itemList ? has_content>
  <#list data.itemList as item>
   <Row ss:AutoFitHeight="0" ss:Height="50.4375">
    <Cell ss:StyleID="s31"><Data ss:Type="String">${item.description}</Data><NamedCell
      ss:Name="Print_Area"/></Cell>
    <Cell ss:StyleID="s31"><Data ss:Type="String">${data.currency}</Data><NamedCell
      ss:Name="Print_Area"/></Cell>
    <Cell ss:StyleID="s31"><Data ss:Type="String">${item.tradeterms}</Data><NamedCell
      ss:Name="Print_Area"/></Cell>
    <Cell ss:MergeAcross="1" ss:StyleID="m1270904779992"><Data ss:Type="String">${item.pick_addr}</Data><NamedCell
      ss:Name="Print_Area"/></Cell>
    <Cell ss:StyleID="s31"><Data ss:Type="String">${item.contacts}</Data><NamedCell
      ss:Name="Print_Area"/></Cell>
    <Cell ss:StyleID="s31"><Data ss:Type="String">${item.truck_req}</Data><NamedCell
      ss:Name="Print_Area"/></Cell>
   </Row>
  </#list>
  </#if>
   <Row ss:AutoFitHeight="0" ss:Height="14.0625"/>
  </Table>
  <WorksheetOptions xmlns="urn:schemas-microsoft-com:office:excel">
   <Print>
    <ValidPrinterInfo/>
    <PaperSizeIndex>9</PaperSizeIndex>
    <HorizontalResolution>600</HorizontalResolution>
    <VerticalResolution>600</VerticalResolution>
   </Print>
   <Zoom>130</Zoom>
   <Selected/>
   <Panes>
    <Pane>
     <Number>3</Number>
     <ActiveRow>9</ActiveRow>
     <ActiveCol>7</ActiveCol>
    </Pane>
   </Panes>
   <ProtectObjects>False</ProtectObjects>
   <ProtectScenarios>False</ProtectScenarios>
  </WorksheetOptions>
 </Worksheet>
</Workbook>
