<deploy>
    <configuration>
        <path>~/AccountConfiguration/*</path>
    </configuration>
    <files>
        <path>~/FileCabinet/SuiteScripts/SuiteScripts_JW/sl_ecm_test_ediserver.js</path>
        <!--<path>~/FileCabinet/SuiteScripts/SuiteScripts_JW/ue_on_spu.js</path>
        <path>~/FileCabinet/SuiteScripts/SuiteScripts_JW/cs_on_lotitem.js</path>
        <path>~/FileCabinet/SuiteScripts/SuiteScripts_JW/ue_on_pricebook.js</path>-->
    </files>
    <objects>
        <!--<path>~/Objects/customscript_pricebook_ue.xml</path>
        <path>~/Objects/customscript_ecm_lotitem_cs.xml</path>
        <path>~/Objects/customscript_ecm_spu_ue.xml</path>-->
        <path>~/Objects/customscript_ecm_test_edi_sl.xml</path>
    </objects>
    <translationimports>
        <path>~/Translations/*</path>
    </translationimports>
</deploy>
