<manifest projecttype="ACCOUNTCUSTOMIZATION">
  <projectname>宜开美</projectname>
  <frameworkversion>1.0</frameworkversion>
  <dependencies>
    <features>
      <feature required="true">SUBSIDIARIES</feature>
      <feature required="true">SERVERSIDESCRIPTING</feature>
      <feature required="true">WORKFLOW</feature>
      <feature required="false">CRM</feature>
      <feature required="false">LOCATIONS</feature>
      <feature required="true">SALESORDERS</feature>
      <feature required="true">DEPARTMENTS</feature>
      <feature required="true">ACCOUNTING</feature>
      <feature required="true">OPPORTUNITIES</feature>
    </features>
    <objects>
      <object>customrecord_ecm_price_book</object>
      <object>customrecord_ecm_spu_info</object>
    </objects>
  </dependencies>
</manifest>